user_id,travel_reason,expectations_from_neighbor,conversation_trigger,openness_score
830684c7-c992-4951-bda1-1efbe4dd62f2,Autre,Autre,Il/elle partage mes centres d'intérêt,1
79480cc7-3a7b-489c-befe-18fbc94101eb,Autre,Réseautage pro,Ça dépend,1
9313ea43-97d0-47b4-a2b6-cf0066dcd758,Visite famille/amis,Autre,Jamais,1
c58cd570-f884-40d0-a78f-1d7b450bfcf1,Visite famille/amis,Discussion sympa,Il/elle partage mes centres d'intérêt,2
170baf6f-16de-4fba-9f06-0a8989cf8794,Autre,Autre,Le trajet est long,2
7d734710-d571-4ea5-9bf5-cbd8dc6be896,Autre,Autre,La conversation est légère,1
c40498b8-4cf1-423e-99f0-0269b585930d,Travail/études,Discussion sympa,Il/elle partage mes centres d'intérêt,3
8f04c12f-b697-48ab-a1bc-233448311bf8,Autre,Rester tranquille,Le trajet est long,2
652d7742-6158-42e4-9116-497336f95a76,Loisirs/vacances,Discussion sympa,Il/elle partage mes centres d'intérêt,2
1083f67b-21f4-4422-962f-4d49f7c21b0a,Autre,Discussion sympa,Le trajet est long,1
b9798e89-a016-46a9-ad3d-4dfd37ee4c58,Autre,Réseautage pro,La conversation est légère,2
28f8a05b-6526-4ed3-be34-8c813fc9ab59,Travail/études,Discussion sympa,La conversation est légère,3
8d9bb9ad-376c-416b-b458-a433e341c300,Travail/études,Discussion sympa,Jamais,2
d34be3f3-9953-4502-88b7-d4177a817c88,Loisirs/vacances,Rester tranquille,Jamais,3
8ed35867-b747-446b-bda4-ae01a8b640b3,Autre,Discussion sympa,Il/elle partage mes centres d'intérêt,1
9bbd3f58-2a58-4279-804c-60ac584ef533,Visite famille/amis,Rester tranquille,Le trajet est long,2
24292788-044b-4330-9d60-0bd88ac5c86e,Visite famille/amis,Discussion sympa,Jamais,3
0661db95-5726-40b8-8208-97e19f3c3e06,Autre,Réseautage pro,Jamais,3
4ff781dc-7bc7-4417-86bf-b2719be7d7df,Travail/études,Discussion sympa,Jamais,5
d9fd0457-13f0-4247-9346-7245e5816e4a,Visite famille/amis,Autre,La conversation est légère,5
e9ca5f31-60ae-47e3-be4c-e185745b795c,Travail/études,Échanger sur un sujet commun,Jamais,2
b9008af9-6803-4c46-ba3d-d311d97c7117,Loisirs/vacances,Autre,Le trajet est long,1
f18c463d-0167-4012-875b-120026f6f958,Autre,Réseautage pro,La conversation est légère,1
79d3deb7-0e5b-400d-80aa-80b8fcd37aef,Autre,Autre,Il/elle partage mes centres d'intérêt,3
05ce2206-bc78-4e88-8b06-5290c8af2f9a,Visite famille/amis,Autre,Il/elle partage mes centres d'intérêt,3
91a3baf6-ec1f-4304-b4c0-d79d17046fba,Autre,Échanger sur un sujet commun,La conversation est légère,4
c9bd02ac-3615-4445-aca2-4b536d00c3af,Loisirs/vacances,Autre,Il/elle partage mes centres d'intérêt,5
914d11af-df3b-436f-8dca-b63e05a77d30,Loisirs/vacances,Rester tranquille,Le trajet est long,4
14f645f8-f6c3-4821-a7fb-50e89ab9dc1a,Loisirs/vacances,Échanger sur un sujet commun,Ça dépend,2
603b6c94-ba5e-43d6-bf96-dc63916bd2e0,Visite famille/amis,Échanger sur un sujet commun,La conversation est légère,1
92adbf28-ba87-4345-98fd-73419db9cf9a,Autre,Échanger sur un sujet commun,Jamais,1
b1ced820-b3e9-4d12-a80d-e012a1b2fac6,Visite famille/amis,Rester tranquille,Ça dépend,1
284c0cdf-5b7b-4402-9ce9-6779db6ef1ff,Travail/études,Rester tranquille,Le trajet est long,1
0caddba3-906e-4cce-a86f-56d595fc4d9c,Visite famille/amis,Autre,La conversation est légère,3
1ce462d0-b07b-4b01-9d05-63c1129a143e,Visite famille/amis,Autre,Il/elle partage mes centres d'intérêt,4
09c98a3b-9e9a-44b0-a898-a1a2ef4a16e6,Travail/études,Échanger sur un sujet commun,Le trajet est long,2
a208f781-06ba-414d-93d4-b920b31234b0,Autre,Échanger sur un sujet commun,La conversation est légère,4
9d189478-0466-43f5-850a-bb586c4639e7,Visite famille/amis,Réseautage pro,Jamais,1
e18a3546-270c-4bf6-8454-3713b73d12de,Travail/études,Rester tranquille,Le trajet est long,2
28b567b9-da30-43d4-be1a-692cef527462,Travail/études,Autre,Le trajet est long,4
76404c41-7ba5-4868-b8e5-2f0b4c8e6b4f,Visite famille/amis,Discussion sympa,Jamais,1
d06c7b73-c4ae-403c-8abb-2693204dfd71,Visite famille/amis,Discussion sympa,Jamais,2
21c6983d-746a-446c-9a8f-b712b3315cf6,Loisirs/vacances,Discussion sympa,Jamais,3
3ab39fcc-49c2-48e7-8751-37cd1809e79c,Visite famille/amis,Échanger sur un sujet commun,Ça dépend,4
c12debd8-04c5-4c74-be3a-bede4bb578df,Travail/études,Réseautage pro,Il/elle partage mes centres d'intérêt,1
7fcb1c15-74a7-46db-941d-e339ba5932aa,Travail/études,Rester tranquille,Le trajet est long,4
7ed50555-e812-4e55-a6a5-408336a01607,Loisirs/vacances,Échanger sur un sujet commun,Ça dépend,2
e3a864aa-b75e-4cd5-906d-fb5875422f8f,Autre,Rester tranquille,Le trajet est long,5
e507345d-2984-46b0-97cd-f52f0fa96478,Autre,Échanger sur un sujet commun,Il/elle partage mes centres d'intérêt,2
06a31d91-6290-4297-8c1b-9aacc65848da,Loisirs/vacances,Rester tranquille,La conversation est légère,5
d4a72c4a-0307-40b3-a298-6f08d8d14da3,Loisirs/vacances,Échanger sur un sujet commun,Jamais,4
19c4bab7-9404-4d0d-8ee7-af331e58f71c,Travail/études,Échanger sur un sujet commun,Le trajet est long,3
b0e7e14c-9f00-47a8-9d1b-ea053034aa66,Travail/études,Échanger sur un sujet commun,Ça dépend,1
07a9348e-2352-4f0a-991b-a8c5650f3470,Autre,Rester tranquille,Jamais,1
e8c43d0f-269e-4c85-9f62-f374e03f1df4,Autre,Discussion sympa,La conversation est légère,3
b773a3bd-935f-49f4-8392-fa33c6a63700,Visite famille/amis,Discussion sympa,La conversation est légère,3
042632c9-b4c3-4ef2-afec-d4832dd0845c,Autre,Discussion sympa,Le trajet est long,3
8f7afae9-527a-4621-95bb-d2b060ed951e,Autre,Rester tranquille,La conversation est légère,5
efe0f38b-39f4-4815-8524-692a5e529fe1,Visite famille/amis,Autre,Jamais,1
2039002e-60d5-4372-ab14-bb3207ba3dab,Autre,Échanger sur un sujet commun,La conversation est légère,3
eadba68b-19cc-4657-a070-0edc8e9f78ba,Visite famille/amis,Autre,Le trajet est long,1
18c28732-8f93-483e-975a-c6032a0e9a80,Autre,Discussion sympa,Il/elle partage mes centres d'intérêt,2
79cead42-e047-47fe-8fda-33fc6a17af5d,Travail/études,Rester tranquille,Ça dépend,3
ce314a45-49b0-4cd1-90cd-98c027f7fed5,Travail/études,Échanger sur un sujet commun,Il/elle partage mes centres d'intérêt,2
0f222467-6ad7-4669-936c-49f987f4bc1e,Travail/études,Rester tranquille,Le trajet est long,5
a34d89c4-42a8-4cc4-92aa-1309d0aeaaa2,Travail/études,Réseautage pro,La conversation est légère,3
ecb86678-41dc-4ab7-b36d-311d107e64d8,Visite famille/amis,Discussion sympa,La conversation est légère,3
4eb487a9-3cc0-47b7-be11-f382b6584a0e,Visite famille/amis,Autre,Jamais,4
81a189c3-83f0-433c-b976-7ed9b06f05cf,Loisirs/vacances,Discussion sympa,Jamais,1
ce5fdc6c-4c2f-4489-a5d4-36bcae366c41,Travail/études,Discussion sympa,Le trajet est long,4
35bc00ce-9459-40a2-977a-cb0d2fce1f29,Visite famille/amis,Discussion sympa,Jamais,4
e1e127fc-5e1e-479d-89e5-06a4927a0ff5,Loisirs/vacances,Autre,Jamais,5
d161821f-c216-4848-bd55-6289dbf6d818,Loisirs/vacances,Discussion sympa,Le trajet est long,2
20b6c802-e119-4d5c-8989-4e104c8e65a3,Autre,Réseautage pro,Jamais,1
717c45c4-a232-4779-ae86-c7cee40738c5,Loisirs/vacances,Échanger sur un sujet commun,Il/elle partage mes centres d'intérêt,5
5884ccc5-50c7-4b51-a35d-a2c848a133d8,Loisirs/vacances,Échanger sur un sujet commun,Ça dépend,1
1982a4e3-b58a-4e53-b80e-1c904834a1db,Travail/études,Échanger sur un sujet commun,Ça dépend,3
df0456a1-278c-45eb-85e3-7157312c1af9,Visite famille/amis,Discussion sympa,Le trajet est long,1
8dcb9eee-cfef-4eb2-a176-c959032c21ea,Autre,Autre,Ça dépend,3
3739e870-33c8-4480-bcfe-b56f80c524a8,Autre,Réseautage pro,La conversation est légère,2
2d3e83cd-e36d-4ee4-8bd4-e8ac4fb1517b,Autre,Échanger sur un sujet commun,Ça dépend,4
e118b9e1-8d72-4234-a5f2-f5fa964f7a17,Autre,Autre,Jamais,3
ff648797-c1c2-4a15-b05f-99f0949dc5d8,Autre,Échanger sur un sujet commun,Le trajet est long,1
45243317-a1fc-47f7-aafa-ef6d60224f20,Autre,Rester tranquille,Ça dépend,3
c2eafd90-970c-4e28-90d8-31383dcceb9a,Loisirs/vacances,Discussion sympa,Le trajet est long,2
6823d994-881e-42c1-b928-79374b54ee83,Autre,Discussion sympa,Il/elle partage mes centres d'intérêt,3
ad37ce98-98fe-42b5-b7d6-ea5da4bf416c,Visite famille/amis,Autre,Le trajet est long,2
6299079c-c85d-43a1-9b06-83cc8aeab410,Visite famille/amis,Réseautage pro,Il/elle partage mes centres d'intérêt,4
91029d1c-7bde-4ad3-8bcb-6db67bc646c3,Loisirs/vacances,Échanger sur un sujet commun,La conversation est légère,4
79027723-bd73-47a8-b497-a23e21b3f10c,Visite famille/amis,Discussion sympa,Ça dépend,3
ae41c794-fe01-49cb-9eba-2e8cd337948e,Loisirs/vacances,Réseautage pro,Ça dépend,1
542910a6-91d7-4cc9-a26f-4f19d0a61e29,Loisirs/vacances,Autre,Ça dépend,5
608359b7-62e4-462d-8f20-d6b7970c242f,Loisirs/vacances,Autre,Ça dépend,3
3dea02f4-d746-437c-97a8-ee693252e1ca,Travail/études,Réseautage pro,Le trajet est long,1
271d4457-81dc-476b-8063-8ae9e86e1817,Travail/études,Réseautage pro,Il/elle partage mes centres d'intérêt,5
3fa7982d-ec1c-46b2-8eb3-1ab2d5398dd0,Visite famille/amis,Discussion sympa,La conversation est légère,4
41de8b33-24b1-4be0-9885-1e15a29b5edc,Visite famille/amis,Rester tranquille,Le trajet est long,5
cc878e64-a5bb-43b8-8a01-fa67f54b2cf7,Visite famille/amis,Autre,Ça dépend,1
47978613-b889-47ff-a56c-82bd5ceedc16,Loisirs/vacances,Discussion sympa,Ça dépend,2
8c35ae70-177e-48a0-8aa2-9d7d02fee2f7,Loisirs/vacances,Discussion sympa,Le trajet est long,4
d69d90fc-8a83-4b1b-b02c-3e81abf47e55,Loisirs/vacances,Échanger sur un sujet commun,Le trajet est long,4
18ff6a9a-402b-46c7-a8f6-adb2f17f56fc,Visite famille/amis,Réseautage pro,La conversation est légère,3
84f68441-c435-4281-9c72-8e2ea67a5f4f,Visite famille/amis,Autre,Le trajet est long,2
7bfad361-c654-4e24-a740-e4c79c61943a,Autre,Réseautage pro,Il/elle partage mes centres d'intérêt,3
c94b6db0-5e0e-4426-b383-e39bc8a048f5,Travail/études,Autre,La conversation est légère,3
04ffb730-2ba9-4bc1-9c76-0c3bb7d1d798,Travail/études,Rester tranquille,Ça dépend,4
9850110c-646e-4d86-9977-2d5986e44aad,Loisirs/vacances,Autre,La conversation est légère,3
aa546f86-9d4a-4db6-b88d-6e58f3ef222c,Visite famille/amis,Réseautage pro,Jamais,4
f778ce1d-0b28-4177-a2be-b0203ca27a4f,Travail/études,Réseautage pro,La conversation est légère,3
b5bd2645-278a-49f7-ae27-97c5650a0ab5,Autre,Discussion sympa,Ça dépend,4
927a1f82-15f6-46f0-a907-7dc3bee01769,Autre,Autre,Ça dépend,2
523d68d8-d14b-4032-b57e-135f9e9d5548,Loisirs/vacances,Rester tranquille,Il/elle partage mes centres d'intérêt,4
d7c074f1-b775-4cfc-b213-b533e8a2c40f,Autre,Rester tranquille,Il/elle partage mes centres d'intérêt,4
36743ee9-bf49-40c5-bb80-feae29adf861,Visite famille/amis,Réseautage pro,Il/elle partage mes centres d'intérêt,5
9f21642c-0e89-40ea-a93e-6d465e531c87,Visite famille/amis,Discussion sympa,Le trajet est long,3
05443d12-5743-49ff-8f20-33751910ea49,Autre,Rester tranquille,Il/elle partage mes centres d'intérêt,1
b587428f-f169-4ed9-a35a-4e6935bed9bf,Autre,Autre,La conversation est légère,1
f6be2569-1751-4065-9e5c-8ab2616bf33f,Travail/études,Échanger sur un sujet commun,Le trajet est long,1
165b6a04-1bf4-4f84-a753-8067747239eb,Loisirs/vacances,Réseautage pro,La conversation est légère,4
d679a650-2479-48e5-8208-8f0568dfd42f,Loisirs/vacances,Autre,La conversation est légère,2
49061456-8018-4c10-a8a4-7b5743596662,Travail/études,Discussion sympa,Il/elle partage mes centres d'intérêt,1
1da59d12-f269-4fc6-8176-0bf9a7c0f65f,Visite famille/amis,Autre,Il/elle partage mes centres d'intérêt,3
341ed506-f072-4cdc-bc95-45b4bf543441,Visite famille/amis,Échanger sur un sujet commun,Il/elle partage mes centres d'intérêt,3
4b8681c9-a397-4167-b7b4-7910608622bb,Travail/études,Autre,La conversation est légère,4
56be31a8-2272-492c-9a60-aac7b3f23773,Loisirs/vacances,Autre,Il/elle partage mes centres d'intérêt,1
118e6cef-c4e5-4c93-81fe-a7174d673c03,Autre,Échanger sur un sujet commun,Jamais,5
184e6232-aa10-479a-a372-43fa8cb59dc0,Visite famille/amis,Réseautage pro,La conversation est légère,1
f28ebf22-119d-43f2-b9d6-a3b5d4c0721f,Autre,Échanger sur un sujet commun,Il/elle partage mes centres d'intérêt,3
3cbb8264-2edf-47dc-810e-48a3852d885f,Travail/études,Autre,Ça dépend,1
362e6727-ab2a-468b-bbfc-d7d36bce7273,Visite famille/amis,Discussion sympa,Il/elle partage mes centres d'intérêt,5
dfb2a844-1109-4ca4-b214-6bab376d2fb7,Autre,Discussion sympa,Ça dépend,5
2d434ab3-9322-42bf-99c2-dbe427ca9d84,Travail/études,Discussion sympa,Ça dépend,4
292d6731-fedb-4739-bf8d-8998842a0df7,Loisirs/vacances,Réseautage pro,Ça dépend,1
4481ff07-31f5-4f8c-9b41-364aa72e5770,Loisirs/vacances,Autre,Le trajet est long,4
156d8073-24d0-43dc-ae02-847b32227142,Loisirs/vacances,Réseautage pro,Ça dépend,3
047aa9ae-656d-48e3-98aa-9012ed57020a,Travail/études,Réseautage pro,Jamais,4
a11a59ab-6b9d-46e9-b2d9-4ff55c1b12f3,Autre,Échanger sur un sujet commun,La conversation est légère,5
03c2cea8-c984-4173-acde-b74e30b20254,Autre,Autre,Il/elle partage mes centres d'intérêt,2
55d8c188-9cde-40f9-b4f0-5b44a20b342d,Travail/études,Réseautage pro,Le trajet est long,2
d7bd0c5d-32fe-476a-bac8-a8eb02a73690,Loisirs/vacances,Autre,Jamais,3
80cfd9e5-860c-43eb-9cfa-ab52f9ec4e48,Autre,Autre,Il/elle partage mes centres d'intérêt,2
16b47c1e-2ffe-4440-b986-807792dcd3df,Loisirs/vacances,Échanger sur un sujet commun,Ça dépend,4
7dac8fb1-f63f-4239-9a89-bf4c9dfe6597,Travail/études,Autre,La conversation est légère,3
8293b105-72cc-48b3-bdbd-b60b853612a7,Autre,Réseautage pro,Ça dépend,4
12237d61-c5d3-427e-aad2-1c43f5f29e26,Travail/études,Réseautage pro,Ça dépend,1
e733a324-f1da-416d-a0c1-89e9ae9b48eb,Loisirs/vacances,Rester tranquille,La conversation est légère,2
d822969a-f96e-46b0-9aa0-213c9ed1a9b2,Travail/études,Autre,Ça dépend,5
ab92a267-07a4-43bd-b75e-d2d74ecfc7f7,Visite famille/amis,Échanger sur un sujet commun,Il/elle partage mes centres d'intérêt,2
eaee412d-7956-47b3-83da-13db48bb6041,Loisirs/vacances,Autre,Jamais,5
13f5808c-c90e-4082-a5eb-91a4f15c6f06,Visite famille/amis,Discussion sympa,La conversation est légère,2
8071b231-7986-48c4-93b3-2990f0a3391c,Visite famille/amis,Rester tranquille,La conversation est légère,5
28220f67-520e-4227-a6e9-48476efc09ba,Visite famille/amis,Discussion sympa,La conversation est légère,3
8060731a-b4e2-466f-bdb0-0865ffe258b9,Autre,Rester tranquille,Ça dépend,5
dbe52d09-6417-47b5-8045-f220cbc6d53e,Autre,Rester tranquille,Jamais,3
3f0fb313-250d-4582-af85-974593acd12c,Visite famille/amis,Échanger sur un sujet commun,La conversation est légère,3
828c5e78-8b84-412a-8d11-5a1e89c14b4c,Visite famille/amis,Réseautage pro,Il/elle partage mes centres d'intérêt,5
5a8d9ce4-06f8-47f3-9988-8543183ee385,Loisirs/vacances,Rester tranquille,Jamais,3
bfd3833c-32b9-4f87-bb41-477b182696c3,Travail/études,Discussion sympa,Ça dépend,2
61efd143-9065-480d-a0e2-f8088993de18,Loisirs/vacances,Discussion sympa,Ça dépend,1
ad4b3d15-9fc9-4692-a631-819e9502e5b4,Autre,Échanger sur un sujet commun,Le trajet est long,2
c05fd671-b360-488a-8fdb-d8eda98021d1,Visite famille/amis,Rester tranquille,Jamais,3
a67435a5-77ea-4c42-a304-c3d7e7138ee0,Autre,Échanger sur un sujet commun,La conversation est légère,1
94a7692d-06f7-4687-8dab-67564ccf41e2,Travail/études,Discussion sympa,Il/elle partage mes centres d'intérêt,1
8e3eed6b-c317-44fd-baf2-66cd8b8b0054,Visite famille/amis,Discussion sympa,Il/elle partage mes centres d'intérêt,2
26c0a0fa-e1f1-484b-b085-9341354add90,Travail/études,Réseautage pro,Jamais,1
9795ed51-f837-4868-9b79-6817f3dae352,Loisirs/vacances,Réseautage pro,Il/elle partage mes centres d'intérêt,1
8a497600-62c4-4b3f-9f3b-524476137fd5,Travail/études,Rester tranquille,Il/elle partage mes centres d'intérêt,1
c01fb96a-b135-42b9-b375-065fd6d3afa5,Travail/études,Autre,Le trajet est long,1
1c6e735e-c7a5-4bfd-a7f0-f00c183d7d61,Visite famille/amis,Rester tranquille,Le trajet est long,5
f964462d-512b-4054-a706-e775d4957fed,Travail/études,Réseautage pro,Ça dépend,4
c281ee78-2071-49c2-89a2-88c192694517,Visite famille/amis,Échanger sur un sujet commun,Ça dépend,5
2f929007-59a7-4579-994d-5f1ca4d6e568,Autre,Rester tranquille,Il/elle partage mes centres d'intérêt,1
dce6f37f-a039-44a1-a56c-d2e5ecdaeb4f,Visite famille/amis,Autre,Ça dépend,2
69ec69ab-3048-4f53-a1d7-5617da0c44b0,Autre,Discussion sympa,La conversation est légère,1
813aef3a-0a36-4ea1-b762-fc3b85c3714b,Travail/études,Discussion sympa,Ça dépend,2
a3f51e8f-b07f-4837-9394-ed54cf0e4cef,Loisirs/vacances,Échanger sur un sujet commun,Jamais,3
9b05ae02-80b0-48d7-9404-21b812c369f8,Loisirs/vacances,Rester tranquille,La conversation est légère,2
c3db7169-b343-4bbb-b40d-29c9641ff3fa,Visite famille/amis,Discussion sympa,La conversation est légère,5
bec3394f-f7de-4ba1-9938-5c46dcfe1e1e,Visite famille/amis,Autre,Ça dépend,3
a2c43fc8-9df1-4b8c-95ff-0e5a1c803c78,Visite famille/amis,Autre,Jamais,2
ba1a3cde-06ef-4f93-bdcf-dfd03e480209,Loisirs/vacances,Autre,Ça dépend,3
bb94aa65-025e-4cb6-b17f-9d9c20e0447f,Autre,Autre,Jamais,4
48083ec5-91c6-4320-a0c2-2d809cdf05ce,Autre,Autre,Ça dépend,4
ee3007d5-b0df-4aee-b3ca-e18a3beb2525,Visite famille/amis,Réseautage pro,Ça dépend,1
dfff22cb-1a6d-4fad-b4da-b4b3debf9ef1,Autre,Rester tranquille,La conversation est légère,1
091abded-6ca1-4610-8e60-4779fa629754,Loisirs/vacances,Discussion sympa,La conversation est légère,2
deacb5bb-b156-451b-bd3b-63e8020fbcd2,Autre,Discussion sympa,Le trajet est long,1
e211d044-1f38-4cd2-8a5e-464fe70ff824,Travail/études,Réseautage pro,La conversation est légère,4
f9b13536-7563-4ac0-a9e4-edf1307d554d,Visite famille/amis,Autre,Ça dépend,2
7ca4fa52-360e-4505-ae42-2467326e20f6,Travail/études,Autre,Il/elle partage mes centres d'intérêt,5
abedf426-e115-4d57-9bb2-e8758daa2e50,Autre,Autre,Le trajet est long,3
4bf02eb8-b4b6-4acc-94b6-fd5fe0ffd73f,Travail/études,Discussion sympa,Il/elle partage mes centres d'intérêt,1
d50b4d33-78f0-4553-83c2-f2ba33a0429b,Loisirs/vacances,Discussion sympa,La conversation est légère,3
de53554b-74e5-440d-b06c-251810c433dd,Autre,Rester tranquille,Le trajet est long,4
d9204b78-5b21-44bc-9327-919e58c121c2,Autre,Discussion sympa,Le trajet est long,5
08a30faa-374d-4c01-b5d1-b4e332826544,Visite famille/amis,Réseautage pro,La conversation est légère,5
74836913-16bf-4652-855d-1180f963e284,Visite famille/amis,Discussion sympa,Le trajet est long,1
7407a20b-2dfb-4a36-9ca3-6b5d58a08633,Travail/études,Rester tranquille,Le trajet est long,5
b828c6c1-8d87-423d-b248-7bb317da7aac,Travail/études,Autre,Le trajet est long,5
ef5f49bf-5765-4cdc-b6e6-c12359061591,Travail/études,Autre,La conversation est légère,3
79ae6a90-bfb5-47ca-b70c-74864f556087,Visite famille/amis,Rester tranquille,Il/elle partage mes centres d'intérêt,4
1cd2bbc9-13e0-4835-be88-9eeb88954713,Autre,Réseautage pro,Ça dépend,2
6c80053c-20a9-4f19-942f-0702124845c8,Travail/études,Échanger sur un sujet commun,Jamais,5
8733f488-0c60-48e5-800f-c5c2e390c509,Autre,Discussion sympa,La conversation est légère,3
b2ce8920-1206-432f-ba10-aa3dbf4fd07d,Loisirs/vacances,Échanger sur un sujet commun,La conversation est légère,1
56a41d11-595d-474f-a4ef-306731a84e84,Visite famille/amis,Rester tranquille,Ça dépend,1
ed1a61b3-62a6-4ad8-a0b4-373936d129ca,Autre,Rester tranquille,Ça dépend,5
8aaeb4bd-0622-4cef-bb5d-fe2322fb87dc,Travail/études,Discussion sympa,Ça dépend,4
cdd31e9f-af57-48dd-8bb5-f9bf6e4ab4a1,Visite famille/amis,Autre,Il/elle partage mes centres d'intérêt,2
8279dac1-53d2-4b18-990f-5a9c35bcf5ab,Autre,Réseautage pro,La conversation est légère,3
c6fec038-bd7f-4bd7-bbf5-a163bdcaf22a,Travail/études,Autre,Ça dépend,1
0fa3572e-83f1-45d9-98f2-f4508fc0e82f,Travail/études,Discussion sympa,Ça dépend,1
5882f488-e1f9-467b-96df-45d4ea61cb4b,Loisirs/vacances,Échanger sur un sujet commun,La conversation est légère,2
f0d2c279-550d-4e44-96ec-b9b0e716a27c,Autre,Échanger sur un sujet commun,La conversation est légère,1
b1a417d4-a3cc-4d07-9a01-505b9fa5ea6d,Loisirs/vacances,Rester tranquille,Il/elle partage mes centres d'intérêt,5
c3f41102-69fe-45ef-ab90-240b7bca1034,Loisirs/vacances,Échanger sur un sujet commun,Jamais,1
0697128a-1f9a-4dd1-8346-985c5a7784af,Travail/études,Autre,Il/elle partage mes centres d'intérêt,3
940a7285-2148-473d-b3c2-9b1daaad1b3d,Loisirs/vacances,Discussion sympa,Ça dépend,2
c183a22d-c44e-4ae6-83f3-b5b4a598da96,Loisirs/vacances,Rester tranquille,La conversation est légère,2
4b3b0328-9364-4ea7-af79-1fa4a027d85c,Loisirs/vacances,Autre,La conversation est légère,5
6847a236-ca32-4311-88d0-b24327c33595,Visite famille/amis,Réseautage pro,La conversation est légère,2
8aa83369-a301-4db2-9b97-66659ec14c94,Autre,Autre,Il/elle partage mes centres d'intérêt,3
26274acf-34af-493a-8adb-9c97fa0c6887,Autre,Réseautage pro,Jamais,3
ee171a54-7c0f-45a7-993f-4e4c57382f3b,Loisirs/vacances,Rester tranquille,Il/elle partage mes centres d'intérêt,3
99d6fae5-c76e-4546-ac68-d5f87c6cd1f1,Autre,Rester tranquille,Le trajet est long,4
bc41f860-b4b1-4eff-ab78-10e3b523f51f,Travail/études,Rester tranquille,Le trajet est long,5
01e5b159-bfaf-4dc2-b1df-042b12526c00,Autre,Rester tranquille,Le trajet est long,3
a65fe2ef-db4d-4780-a614-eee28fc3a71f,Visite famille/amis,Échanger sur un sujet commun,Ça dépend,4
aee75882-7859-40f9-a06b-781deb992d6c,Travail/études,Rester tranquille,Jamais,4
49933eff-b788-4ae3-8ce5-5fbf0e7e458d,Travail/études,Autre,Jamais,3
ca5fcbf6-c887-4128-913f-26d62dd95f29,Travail/études,Discussion sympa,Le trajet est long,5
e9266f25-e434-423a-ba86-0fd65921928e,Loisirs/vacances,Autre,Le trajet est long,2
efd2f9c9-d7ae-4e42-b11d-9adafe0e3e81,Visite famille/amis,Rester tranquille,La conversation est légère,5
c087b276-8bef-40aa-a1e0-bb452694af8e,Travail/études,Rester tranquille,Il/elle partage mes centres d'intérêt,4
8efe5587-728a-4cd0-a33c-c6e620d72590,Autre,Autre,Il/elle partage mes centres d'intérêt,3
52418603-e402-431c-b863-9e4a4ff5d647,Loisirs/vacances,Échanger sur un sujet commun,Le trajet est long,3
b5aae116-5680-44dd-b0f6-181a99b3d619,Travail/études,Autre,Il/elle partage mes centres d'intérêt,4
0e8e3483-5e8a-4ac4-b602-008a1885bc1e,Autre,Autre,Jamais,5
2552ddbd-616c-47bf-9e35-4c0cf261da18,Loisirs/vacances,Discussion sympa,Ça dépend,3
be6723b7-824d-4ad6-a533-bad0aa824929,Visite famille/amis,Réseautage pro,La conversation est légère,4
bf68b5cc-3f56-43c1-8b84-08f4b6fa0068,Travail/études,Rester tranquille,La conversation est légère,3
e2099b2e-afd7-44ea-9c8c-1d2ad488065e,Travail/études,Autre,Jamais,1
4c642006-cf76-417b-872b-061a80bc7fb5,Autre,Autre,Il/elle partage mes centres d'intérêt,3
6bc4daad-bbdd-4cd0-8894-73ee8a1690d0,Autre,Autre,Ça dépend,2
f1350776-a798-48c0-ae4e-6b6cdea75a46,Travail/études,Autre,La conversation est légère,2
1c0a60c7-a3cb-4742-b4e9-9a1c15deab27,Autre,Discussion sympa,Ça dépend,5
cc950a7c-8438-4308-b3f2-337f8ee0d984,Visite famille/amis,Autre,Le trajet est long,4
8d111a47-df27-4e0d-adca-02dce9a13904,Travail/études,Rester tranquille,La conversation est légère,2
1903ae8e-f584-4094-a1d8-c4f4f6b9f6d5,Loisirs/vacances,Discussion sympa,Ça dépend,3
f7a40c48-0c2e-4ab4-a131-551a722cb197,Visite famille/amis,Rester tranquille,Ça dépend,5
2c7cadc7-f0b0-4691-b49d-409c5220f888,Loisirs/vacances,Échanger sur un sujet commun,Il/elle partage mes centres d'intérêt,2
d116c910-9244-4e06-b7d8-ea2fa720deac,Loisirs/vacances,Autre,Ça dépend,5
a06bb4df-dfe9-4944-83fc-746a686f194b,Loisirs/vacances,Échanger sur un sujet commun,Il/elle partage mes centres d'intérêt,1
8c742ac3-4d43-457c-8b55-c8bbb8662f02,Loisirs/vacances,Réseautage pro,Ça dépend,5
70b3cff7-6fb2-4160-bedb-251b2e090f27,Autre,Rester tranquille,Il/elle partage mes centres d'intérêt,3
7b5991aa-d5d6-405d-9f15-2657688b0067,Visite famille/amis,Échanger sur un sujet commun,Jamais,5
700a97e8-e6ef-48fa-bad4-d86b1b5804f9,Visite famille/amis,Discussion sympa,Ça dépend,2
2e511300-8107-44db-bc31-6165b44a5107,Loisirs/vacances,Échanger sur un sujet commun,Jamais,4
39f50b5a-463e-4c52-bbe6-e77d04704809,Loisirs/vacances,Rester tranquille,Jamais,2
7455e827-7667-4c6f-9407-244d945cd7b4,Visite famille/amis,Échanger sur un sujet commun,Ça dépend,4
89eadcd2-3171-4cad-8a8c-01e31f71bec3,Visite famille/amis,Réseautage pro,Le trajet est long,5
80c3f529-d81f-44f2-a8b2-122393429f45,Visite famille/amis,Rester tranquille,Le trajet est long,3
626c6ec4-ac23-4056-a4ad-478aaa9860ba,Visite famille/amis,Discussion sympa,Jamais,2
be460aa0-b23b-4e11-89e4-e9a3303b304c,Autre,Réseautage pro,La conversation est légère,2
6a72b686-8e35-4e1d-9911-6367c8dd7808,Loisirs/vacances,Autre,Il/elle partage mes centres d'intérêt,3
c41f4724-5062-44c4-95af-112d35b3fc56,Autre,Réseautage pro,Le trajet est long,4
ae40fab5-9ed8-48e4-8979-7f9bb345fca7,Loisirs/vacances,Échanger sur un sujet commun,Jamais,2
9128b547-135f-49f2-9de2-5b8aa46c9d2e,Visite famille/amis,Réseautage pro,Il/elle partage mes centres d'intérêt,3
aeefb836-b416-4ea6-b020-ca07ffcf0545,Visite famille/amis,Discussion sympa,Jamais,1
a688bf9e-465d-4a46-b5ef-7410ca2dd0d1,Loisirs/vacances,Réseautage pro,La conversation est légère,3
b8ce78c8-b798-474c-96d1-6d67186daa5c,Visite famille/amis,Échanger sur un sujet commun,Ça dépend,1
51a55dee-52dd-4c63-8861-45f066c1a56c,Autre,Discussion sympa,Il/elle partage mes centres d'intérêt,5
87674158-92e2-40b3-8aa0-ec4050fcc668,Loisirs/vacances,Rester tranquille,Ça dépend,1
49609c41-209c-4578-82b9-7b3fd0e63d87,Visite famille/amis,Rester tranquille,Il/elle partage mes centres d'intérêt,1
3a92f257-7601-4dff-b5b6-41d311acbbee,Visite famille/amis,Autre,La conversation est légère,2
fc3f945a-676b-400a-b4d5-4a74f142ae93,Loisirs/vacances,Discussion sympa,Il/elle partage mes centres d'intérêt,4
539e9e6a-b001-447a-b320-a7607992237d,Visite famille/amis,Réseautage pro,La conversation est légère,3
05d99c6c-2f85-49ba-9d2c-b0f4deaf9f81,Loisirs/vacances,Échanger sur un sujet commun,Il/elle partage mes centres d'intérêt,5
a271c967-23c6-46dd-89aa-476564cae33c,Travail/études,Autre,Le trajet est long,5
2e498612-4acc-4cd3-8db8-bb53e4e41754,Loisirs/vacances,Discussion sympa,Il/elle partage mes centres d'intérêt,3
750f4f19-1473-4616-aaec-9010519a3ab6,Visite famille/amis,Autre,Le trajet est long,3
66384c84-a8c6-4b8d-a79e-917a0465331e,Autre,Réseautage pro,Ça dépend,3
a416f362-7c7e-462d-b9e2-3598466d4b12,Autre,Rester tranquille,Le trajet est long,3
b86e711a-6fc0-4ac6-855d-43d76d52f44a,Travail/études,Autre,Le trajet est long,1
b74f1b79-2f49-4b8a-9c54-3771516ca648,Travail/études,Réseautage pro,Il/elle partage mes centres d'intérêt,5
507fe4c3-4bd0-4f40-9201-6d3433073d80,Visite famille/amis,Discussion sympa,La conversation est légère,5
08dec6f1-a8a5-462c-bbf1-3ee6ba5529c7,Autre,Rester tranquille,Ça dépend,3
c899d9a8-db5b-4409-b3f6-8622dc1a40d8,Loisirs/vacances,Autre,Jamais,4
80fe7641-b087-4454-9343-fd0b75cd19a5,Loisirs/vacances,Discussion sympa,Le trajet est long,2
2254461c-66f7-47d1-8043-32753f3f0b6a,Visite famille/amis,Discussion sympa,La conversation est légère,1
e2175329-0a67-491b-bfd7-ca422c79be55,Loisirs/vacances,Autre,Il/elle partage mes centres d'intérêt,1
f6ebf5ba-3a78-4a28-950b-b75462e858ab,Visite famille/amis,Rester tranquille,Il/elle partage mes centres d'intérêt,3
404e09fa-de77-4f6e-ae88-8c127a051470,Autre,Échanger sur un sujet commun,Jamais,5
9fcb9119-2a0b-4661-b05e-a8556d7a8b69,Autre,Échanger sur un sujet commun,Jamais,5
8d99816d-d598-4f76-8f5b-e2809dfad779,Visite famille/amis,Rester tranquille,Jamais,1
eb175bd9-ac38-4666-99c6-30c6e46082f0,Visite famille/amis,Rester tranquille,La conversation est légère,4
967a8616-caa8-4cd7-8eab-2e66e7edc44f,Travail/études,Rester tranquille,La conversation est légère,5
9d40f582-ea7f-43dc-9423-f992a6cb81b4,Travail/études,Autre,Ça dépend,4
4332cc65-f6e7-453b-aa1a-344ec6bacc92,Travail/études,Autre,Jamais,4
0a4f94e9-e223-471e-820d-625ec66bc992,Loisirs/vacances,Discussion sympa,Le trajet est long,3
f4059259-d185-48bd-a328-9f8cba426c2a,Visite famille/amis,Autre,Jamais,2
51a42587-6263-4601-8058-e7632eac58d2,Travail/études,Échanger sur un sujet commun,La conversation est légère,4
ba9fec37-3a3f-4fad-bf76-1d224beb115a,Autre,Discussion sympa,Jamais,2
8a9768cb-eb8f-4157-a635-f5a4d59a8604,Autre,Échanger sur un sujet commun,Il/elle partage mes centres d'intérêt,3
ce98ebc4-667e-4c26-9966-55754626c06f,Loisirs/vacances,Autre,Jamais,2
92197271-b1c0-4a92-a91e-c92f98c890fd,Visite famille/amis,Rester tranquille,Il/elle partage mes centres d'intérêt,5
fe7ce79a-bc52-490a-a2e4-17b4a5737113,Travail/études,Rester tranquille,Il/elle partage mes centres d'intérêt,4
e72b71c5-47a8-467b-a08c-c63b433d7c71,Travail/études,Discussion sympa,Le trajet est long,3
c709cca4-72af-44c3-a343-014ec6cae961,Visite famille/amis,Échanger sur un sujet commun,La conversation est légère,1
eaea802c-18e3-47c1-b760-005c64406757,Loisirs/vacances,Autre,Jamais,5
9efa5f36-fefc-4ff3-8ad7-80daf8f94217,Visite famille/amis,Discussion sympa,Jamais,1
9e3eade1-adab-438d-80f0-2f27f7fdad3d,Autre,Rester tranquille,Ça dépend,4
1888e315-1232-4924-94d6-b383a90312fa,Travail/études,Autre,Le trajet est long,2
7b45c301-d7df-4cb4-9e91-3be7025283c9,Travail/études,Rester tranquille,Il/elle partage mes centres d'intérêt,3
671f2dbb-f34a-49d4-87ca-437ba13e5e85,Loisirs/vacances,Discussion sympa,Ça dépend,4
f77e59ca-d782-485a-a5b6-f97e7fcb9f5e,Loisirs/vacances,Autre,Jamais,1
d247fbd7-82e7-481e-96be-1e9cd5451be8,Visite famille/amis,Échanger sur un sujet commun,La conversation est légère,1
14d79a95-903c-4d9f-97f4-75bae7352257,Visite famille/amis,Autre,Ça dépend,3
08ae816b-6f51-4307-974e-72143399e51b,Autre,Discussion sympa,Il/elle partage mes centres d'intérêt,4
dc7ddc7b-9b37-4472-8afc-f8e2444f57e9,Autre,Autre,Ça dépend,2
22bc0962-73aa-4a44-8cc2-5a1ffa9a33ed,Loisirs/vacances,Réseautage pro,Ça dépend,5
a41a81e8-3710-4c14-9668-ce2c1bcda293,Visite famille/amis,Discussion sympa,Jamais,4
a8f1db59-2853-4bcc-82e0-a4cb87321512,Visite famille/amis,Échanger sur un sujet commun,Jamais,3
d41a973a-f8eb-493d-91c4-b708065699b4,Loisirs/vacances,Autre,Jamais,4
7ff6c077-9bbf-410b-88d3-9d314381af3d,Visite famille/amis,Échanger sur un sujet commun,Il/elle partage mes centres d'intérêt,5
801b1966-f274-4da9-bf1f-9cb25c6a76e1,Travail/études,Autre,Il/elle partage mes centres d'intérêt,3
7fd0ac55-18ca-47e6-96c0-a07efbb89b05,Visite famille/amis,Discussion sympa,La conversation est légère,5
74742cc2-82c0-4ab0-b0a7-eb9659731112,Visite famille/amis,Réseautage pro,Le trajet est long,1
98a9913f-687e-4891-be04-5cc4eaf51fb0,Visite famille/amis,Discussion sympa,Jamais,5
dd228fee-b32f-46c1-9481-990995b889de,Visite famille/amis,Discussion sympa,Ça dépend,2
ac0624a4-0300-4695-ad4e-edcafe85e644,Visite famille/amis,Autre,Ça dépend,1
47cc536d-ca11-4569-9332-d5c6ac1f45e1,Visite famille/amis,Rester tranquille,Le trajet est long,5
bb8fb8ef-0d01-4a6c-95af-99efe48e0ae8,Autre,Autre,Ça dépend,1
924389fa-2e05-483e-9736-cb6a997e0b77,Visite famille/amis,Échanger sur un sujet commun,Le trajet est long,3
96b08795-024b-463a-a08a-773abeef4d2e,Autre,Échanger sur un sujet commun,Ça dépend,2
01f785cf-a3e7-42cb-80db-9ec836b1e693,Travail/études,Échanger sur un sujet commun,Le trajet est long,2
91e5b9f1-3373-462e-90f7-6d4066d3c64e,Visite famille/amis,Réseautage pro,Le trajet est long,4
35fcc8fc-626f-4c2d-a333-742b253748d4,Travail/études,Réseautage pro,La conversation est légère,1
f08e30cd-0fed-44aa-95d2-dfd11ed159e5,Loisirs/vacances,Autre,La conversation est légère,1
698df45d-d7af-4517-8f8b-95c6804ea4a7,Travail/études,Rester tranquille,Jamais,1
50f4c0fc-aa64-4d96-b7d3-0f24bba9a300,Loisirs/vacances,Réseautage pro,Ça dépend,5
019cb068-6895-4616-93ba-b3f9f48e1d20,Travail/études,Rester tranquille,Ça dépend,5
a9081006-e4de-4bdb-9367-5b97b3ac0c56,Visite famille/amis,Autre,La conversation est légère,4
16ac24a7-785f-468f-9469-a107b189d065,Travail/études,Autre,Le trajet est long,5
86754b04-2b2a-4d4a-91fb-7e380795ad0e,Travail/études,Discussion sympa,Le trajet est long,3
6faf7f60-d20d-4011-9d2f-46e8e2c15431,Travail/études,Rester tranquille,La conversation est légère,5
08ade9cc-e84e-4d00-b202-7a2eb66c9877,Autre,Discussion sympa,La conversation est légère,5
a82f03e3-8435-477c-888d-6a3714e7e591,Travail/études,Autre,Ça dépend,3
7c551421-52cb-4c66-b7b6-9a7b6b141449,Autre,Autre,Il/elle partage mes centres d'intérêt,2
686297bc-00d9-4a79-ada5-29fdb9668ab1,Autre,Autre,Ça dépend,4
4b88786a-c73b-43c1-a1c5-93eec9670b24,Autre,Rester tranquille,Le trajet est long,3
54e14ab3-2f5d-4195-8f0a-bd93389e7c78,Loisirs/vacances,Rester tranquille,Le trajet est long,4
df8d32d9-f30a-40c6-866b-7f1a0e7d8768,Travail/études,Autre,Le trajet est long,1
88c1554f-2e40-4d4d-9b22-4078453a1d56,Loisirs/vacances,Autre,Jamais,2
d3f97f03-4efb-4e14-b755-3da73db1eb2b,Visite famille/amis,Échanger sur un sujet commun,Il/elle partage mes centres d'intérêt,3
63a21aa3-a6d5-4a81-bc14-c9a5ea5cb780,Autre,Autre,Ça dépend,3
cac8792c-736a-49ad-b055-729e04c11cbc,Visite famille/amis,Échanger sur un sujet commun,Il/elle partage mes centres d'intérêt,5
603d2cbe-910d-4ec8-af20-1134c394e010,Autre,Autre,Jamais,5
0ba3f439-c0c7-4445-a66d-080f8038e982,Travail/études,Réseautage pro,Le trajet est long,2
8407280f-e543-4114-8dbc-b45fd74e64d9,Visite famille/amis,Réseautage pro,La conversation est légère,3
ccb353d5-881b-435f-8cbe-f32adcfb300b,Travail/études,Réseautage pro,Ça dépend,5
6f2e3ca9-3aa6-4974-bd58-283df332df2d,Travail/études,Réseautage pro,La conversation est légère,2
199356d5-88bf-431f-bca5-bd53bb93282b,Visite famille/amis,Rester tranquille,La conversation est légère,4
7f4b0a0e-7576-467e-9906-0ca08417fc3b,Loisirs/vacances,Autre,Jamais,2
9744d286-0cf9-48dc-8581-567d7121bf33,Loisirs/vacances,Discussion sympa,Le trajet est long,4
c2f6f697-95e1-4462-ac3e-75a4ad34afc7,Travail/études,Réseautage pro,Jamais,5
0291a64f-48d6-4da4-957c-852f6642a2c5,Travail/études,Autre,Jamais,2
ca3c4104-bfe0-4c73-84b4-4171311bc489,Loisirs/vacances,Échanger sur un sujet commun,Le trajet est long,2
a263f02d-e140-4547-b33d-44f9d3954737,Loisirs/vacances,Autre,Il/elle partage mes centres d'intérêt,3
52913720-87a8-4735-ac55-7d6905465ef1,Loisirs/vacances,Échanger sur un sujet commun,Ça dépend,2
eef68030-ec0d-4eee-8f49-b363bff44a42,Autre,Autre,Jamais,2
ae2d5d61-6d1b-468e-926c-07f1e8b087b2,Autre,Réseautage pro,Jamais,5
8d9a5608-650e-43a9-92dd-992448c73ba1,Visite famille/amis,Discussion sympa,La conversation est légère,1
61973c01-65d9-4a3c-966d-f1d11bb33db6,Loisirs/vacances,Rester tranquille,Il/elle partage mes centres d'intérêt,4
f41f93eb-0502-466f-af83-8397eed59679,Loisirs/vacances,Échanger sur un sujet commun,Il/elle partage mes centres d'intérêt,1
981b4706-1ff0-4f06-b15e-9713148e5483,Visite famille/amis,Échanger sur un sujet commun,Le trajet est long,4
6abc32a6-a6f1-449d-b257-0e0bd993acdb,Travail/études,Discussion sympa,La conversation est légère,1
e4a5e6f0-3610-4dcb-bd63-171953cfe5f3,Travail/études,Discussion sympa,La conversation est légère,1
0f370162-db98-4047-bec2-7ef3454d0c1f,Loisirs/vacances,Échanger sur un sujet commun,Ça dépend,5
d01d9b75-8fc5-4505-8097-cc0e913d9015,Visite famille/amis,Réseautage pro,Ça dépend,1
bf39ba24-57bf-471d-b14b-241d3890d248,Autre,Rester tranquille,Jamais,3
9fc80cd7-ac9b-4398-9ba7-8146ba4c2161,Loisirs/vacances,Autre,Il/elle partage mes centres d'intérêt,4
a068b847-00cf-41b2-a28a-b08fc4bb675d,Loisirs/vacances,Autre,Le trajet est long,2
383bd326-0802-431d-867c-6d0e6e711eae,Travail/études,Autre,Ça dépend,5
5ad9764d-31e6-40a1-b016-c7bb70c6371d,Loisirs/vacances,Échanger sur un sujet commun,Le trajet est long,5
9c61420e-8330-4fa7-ba22-ab9dfc8da60b,Autre,Rester tranquille,Le trajet est long,4
5f66c9d5-3cda-4f1e-9427-4664279953b8,Autre,Discussion sympa,Jamais,2
13022fd9-772f-4818-bc0b-fe348fbce8ce,Autre,Discussion sympa,La conversation est légère,1
ce7a04ca-18b7-4c77-9fb7-59db6cb79016,Visite famille/amis,Échanger sur un sujet commun,Ça dépend,2
c2c6158d-6189-451d-a79f-6b32fe08458b,Travail/études,Échanger sur un sujet commun,Il/elle partage mes centres d'intérêt,3
acabd8e8-05ae-4ca3-b1cf-ff78012b08e2,Travail/études,Rester tranquille,Le trajet est long,5
4b32e034-22eb-4bf1-84ea-55da4aa1b724,Visite famille/amis,Échanger sur un sujet commun,Ça dépend,3
da9f941a-fd2d-4eef-8f15-2d0a4c5de366,Visite famille/amis,Échanger sur un sujet commun,Ça dépend,1
e4592b50-d9e0-4111-b1ae-bfc539284f3d,Autre,Autre,La conversation est légère,3
65987c4a-27bd-446c-a952-c93317a2ec7a,Travail/études,Autre,Il/elle partage mes centres d'intérêt,2
b28abf03-25c5-4765-b216-9847f123959e,Travail/études,Discussion sympa,Il/elle partage mes centres d'intérêt,4
8b08d6f9-ebff-474f-84a8-1784e599bd01,Visite famille/amis,Rester tranquille,La conversation est légère,2
20c605ef-940f-4521-a5c2-c734c97f9df4,Loisirs/vacances,Échanger sur un sujet commun,Il/elle partage mes centres d'intérêt,3
d7013a50-7754-44ef-a839-ad09fd57189d,Loisirs/vacances,Réseautage pro,Jamais,5
0af72245-7f83-415d-9ec7-700e766a5281,Travail/études,Rester tranquille,La conversation est légère,3
6ef8191e-6334-4746-9ecb-5fb865484f70,Loisirs/vacances,Discussion sympa,Jamais,2
c6e16d73-2a89-40af-bf6e-58db72fe3811,Loisirs/vacances,Discussion sympa,Jamais,1
77755388-13ab-40cc-9ada-015ee25956fd,Visite famille/amis,Discussion sympa,Le trajet est long,1
ab7f208b-46fb-433f-b800-d428de227870,Travail/études,Réseautage pro,Ça dépend,5
8e8a35e3-01d3-4d6f-84f9-53664aca3a01,Visite famille/amis,Rester tranquille,Jamais,4
96119369-de50-4167-af08-f6570baf99db,Visite famille/amis,Autre,Jamais,3
7b40fae4-8ad1-46c8-a777-211899218453,Loisirs/vacances,Discussion sympa,Ça dépend,5
67b55140-f8f1-40a8-9f3b-3c90ac8b5e8a,Autre,Réseautage pro,Jamais,5
094af155-cdd1-41f3-95cb-39f422fc11c8,Visite famille/amis,Réseautage pro,Le trajet est long,5
4cde004c-2b84-4683-99aa-b1e5507601ed,Loisirs/vacances,Échanger sur un sujet commun,Il/elle partage mes centres d'intérêt,3
29a5bf50-de7e-4574-92f2-0999ee635488,Loisirs/vacances,Échanger sur un sujet commun,Il/elle partage mes centres d'intérêt,4
eb8a733e-7dce-420c-961f-cabbd4236f3d,Autre,Discussion sympa,Jamais,4
3bc0a54c-82eb-463c-a856-f0e8af142190,Loisirs/vacances,Échanger sur un sujet commun,La conversation est légère,1
b75b5b2a-21ed-4c59-adcd-358916137149,Loisirs/vacances,Autre,Il/elle partage mes centres d'intérêt,5
801e3d76-462e-469c-b252-4f288d70c969,Loisirs/vacances,Échanger sur un sujet commun,Ça dépend,4
a20de065-ba4d-49ee-9d09-7fa6a93f8134,Loisirs/vacances,Rester tranquille,Le trajet est long,4
6e5027b2-8687-4576-88ad-7210581a62be,Loisirs/vacances,Échanger sur un sujet commun,Le trajet est long,2
489b6e67-1eb1-487e-b10f-83b4a6f855eb,Visite famille/amis,Réseautage pro,Le trajet est long,1
2cf3ac68-f3db-49c4-8098-6e985a7104ef,Travail/études,Rester tranquille,Le trajet est long,2
9cadc8b3-e947-4a67-ab73-5622c77c9ef6,Loisirs/vacances,Réseautage pro,Le trajet est long,5
3ac4c6f2-8e00-45df-a8dc-f46ceed45deb,Loisirs/vacances,Autre,Le trajet est long,1
93f01e5a-13bb-4ccd-a6b5-572c6cbdb382,Autre,Autre,Ça dépend,5
a9d192db-957d-4a47-aa32-ba796dc4028a,Loisirs/vacances,Réseautage pro,La conversation est légère,2
43f17408-33d4-421c-be36-f60fa8a39965,Visite famille/amis,Rester tranquille,Le trajet est long,4
049eb653-270f-4ee8-b855-aeae460476db,Travail/études,Échanger sur un sujet commun,Le trajet est long,2
d297bd7d-2dc4-4fa2-8be0-209ee540638e,Autre,Échanger sur un sujet commun,La conversation est légère,1
2aa17efa-5a35-41ee-911e-d5a2212bd04b,Loisirs/vacances,Réseautage pro,Il/elle partage mes centres d'intérêt,4
f41dde53-d518-4e3f-9965-6b9925dafddf,Travail/études,Rester tranquille,La conversation est légère,4
2e9bea36-a099-434e-a721-be74ee979781,Visite famille/amis,Réseautage pro,Le trajet est long,4
3f74dcb3-81bd-46ff-951b-16223240c8a2,Loisirs/vacances,Échanger sur un sujet commun,Il/elle partage mes centres d'intérêt,3
f1d5951b-a7f1-4431-9be5-cdbcd899c09f,Loisirs/vacances,Échanger sur un sujet commun,Jamais,4
e873bd15-b204-44e5-b1a1-c0496e48f0ee,Travail/études,Autre,Il/elle partage mes centres d'intérêt,2
680f79d3-1645-4b1d-92c2-3586171bbbad,Loisirs/vacances,Discussion sympa,Le trajet est long,4
ce1adfa0-7e1f-477c-ac19-c8d53d773d7a,Autre,Réseautage pro,La conversation est légère,2
5b11cd7d-9e7a-4372-9b03-a3eac256bba9,Travail/études,Discussion sympa,Jamais,2
9b138d4a-66dd-4771-9370-da96697762f9,Travail/études,Réseautage pro,Il/elle partage mes centres d'intérêt,5
4ff76026-8504-4d77-b3dd-286e4bea961c,Loisirs/vacances,Discussion sympa,Ça dépend,4
af7e1a55-8036-4149-853f-fb71b0b60ae1,Visite famille/amis,Discussion sympa,Jamais,5
bcecb033-6b25-422b-967f-ff3e20bc4996,Autre,Réseautage pro,Le trajet est long,2
0930d7b2-4aa0-44ec-a71a-51dfdf9a3626,Loisirs/vacances,Autre,Ça dépend,1
23580f9f-0eeb-4fec-b909-67d8d7d77642,Autre,Discussion sympa,Le trajet est long,3
71733d51-9f22-4424-82be-2be8b9b5b49e,Travail/études,Rester tranquille,La conversation est légère,1
fc50bfe7-a3e6-44e7-a5ea-0677a90ed5db,Visite famille/amis,Rester tranquille,Ça dépend,5
f6036622-df6e-4271-8b9d-1a0bfa20265e,Travail/études,Rester tranquille,Ça dépend,3
c4cdc05e-2cb8-4fc9-a76f-4d571d6c4cd5,Autre,Rester tranquille,Jamais,3
a8c1cd44-86f2-462d-add0-008204d5cd05,Visite famille/amis,Autre,Jamais,1
3d79df0b-3c82-40eb-a8a0-ab5c3cb71f1c,Autre,Discussion sympa,La conversation est légère,1
0f2bfe58-54c4-4a7a-bdb3-0d636046499d,Travail/études,Échanger sur un sujet commun,La conversation est légère,4
96d198b1-94f6-4158-a1d7-671faf7824a8,Autre,Autre,Jamais,5
2ff58bff-ba92-431a-a5c2-d35241e0bc1f,Visite famille/amis,Réseautage pro,Il/elle partage mes centres d'intérêt,5
20e3b887-733d-4baf-8a09-92e8a579395f,Loisirs/vacances,Réseautage pro,Jamais,2
05b857d0-99b9-4264-80c1-b9bf3c0d5353,Visite famille/amis,Échanger sur un sujet commun,Le trajet est long,2
b51ae7b7-e4ad-4bc5-9c6f-48e9a2f726e1,Loisirs/vacances,Réseautage pro,La conversation est légère,2
746f68c2-da4f-4fed-a7ca-25f47a50ccb8,Visite famille/amis,Discussion sympa,Ça dépend,2
30a2f2d8-6384-4b48-8f0c-59f3d3a59005,Travail/études,Réseautage pro,Jamais,3
523805b7-679f-45fa-a55b-0c2b261f8bb3,Loisirs/vacances,Rester tranquille,Ça dépend,5
2dbc3635-191b-4a96-a252-d12d4669b111,Loisirs/vacances,Autre,Ça dépend,2
a5299b51-0989-44ca-8613-f662ff45c091,Travail/études,Rester tranquille,Jamais,2
66ea37b3-b5e7-45e5-821e-23f978a865e1,Visite famille/amis,Rester tranquille,Il/elle partage mes centres d'intérêt,1
39c20c58-ceaa-4649-b428-74f0bed49907,Visite famille/amis,Discussion sympa,Le trajet est long,5
2030ed23-11e8-4342-ad25-588d45766afe,Visite famille/amis,Réseautage pro,Le trajet est long,2
59b42489-9bab-4822-85c6-f9af8a212a79,Autre,Échanger sur un sujet commun,Jamais,2
a0992482-b743-4555-bbe8-dc88ae10a0e2,Loisirs/vacances,Autre,Ça dépend,3
c5bee06a-ec79-42c9-8565-ea9c7823ef09,Autre,Réseautage pro,Il/elle partage mes centres d'intérêt,5
4d19808c-0fd9-4ca8-8ec8-bef39d2df654,Visite famille/amis,Discussion sympa,Jamais,1
9983a61b-58c9-45fd-a167-653dc7b6a77e,Loisirs/vacances,Discussion sympa,Le trajet est long,5
05fadf63-780b-41f6-9a67-7e8c2fb3ce3f,Autre,Réseautage pro,La conversation est légère,4
73905f2c-66d8-414b-9f62-af5665ac4b58,Loisirs/vacances,Échanger sur un sujet commun,La conversation est légère,5
7c2144fd-95bc-4cf4-832a-12ae9a9be1c7,Autre,Autre,Ça dépend,4
3681bf81-0435-420a-bfff-742c450455bb,Visite famille/amis,Échanger sur un sujet commun,La conversation est légère,2
1c45b094-afc0-4d62-b3af-79dd89152967,Loisirs/vacances,Échanger sur un sujet commun,La conversation est légère,1
a9d2388b-0513-4912-aa24-94f4d7dcd464,Autre,Discussion sympa,Ça dépend,3
3b9889c9-b4cb-4c4d-bb2e-626897181d5a,Travail/études,Discussion sympa,La conversation est légère,2
369e778f-95bc-4d3c-ad40-2f5eceae6990,Autre,Discussion sympa,Jamais,2
e432e647-5eb3-44e7-ac22-2db91abfb450,Travail/études,Réseautage pro,Le trajet est long,2
90ed612a-0a99-47aa-9367-69ac2c15b8f5,Travail/études,Discussion sympa,Jamais,4
4b4b7d8d-feb0-4377-ad5f-4afea5ee5f71,Loisirs/vacances,Discussion sympa,Le trajet est long,1
36d370e0-90c6-4246-b236-b3f7f0568125,Travail/études,Discussion sympa,Jamais,3
45639462-d732-4159-9936-a95962f5b085,Visite famille/amis,Discussion sympa,Il/elle partage mes centres d'intérêt,4
38d4db35-4335-48be-987b-07202f6cee77,Loisirs/vacances,Autre,Le trajet est long,2
400e4a2f-9776-41b7-87e1-38246afb39da,Autre,Rester tranquille,Il/elle partage mes centres d'intérêt,1
cdbf2ad8-e9b6-45e8-9e4d-0180457667c7,Autre,Réseautage pro,La conversation est légère,1
8d65cdf1-0011-49f4-ae77-f53c8e590d81,Travail/études,Réseautage pro,Il/elle partage mes centres d'intérêt,5
b36bd2b6-e8cb-4622-bd86-fd2e2ba596a3,Autre,Discussion sympa,Ça dépend,5
22dd857f-fcda-4ed3-b64f-2849d5902170,Loisirs/vacances,Réseautage pro,Le trajet est long,5
f40dc799-d462-44a8-bfc0-e29d7daeb267,Loisirs/vacances,Rester tranquille,Le trajet est long,2
e092b3b8-d949-4ab3-969b-f7a998203923,Visite famille/amis,Autre,Il/elle partage mes centres d'intérêt,4
4875135b-e9ec-4752-975c-f5beaf243b0c,Travail/études,Rester tranquille,La conversation est légère,1
91c0b94a-d5f7-4244-a463-ab0e2e96831d,Loisirs/vacances,Autre,Jamais,2
177df282-0d18-43b5-a1aa-0d3563c7d278,Travail/études,Réseautage pro,Ça dépend,5
0d459f26-a72e-42f8-86e1-ff845fcbf87b,Visite famille/amis,Échanger sur un sujet commun,La conversation est légère,3
b25dc597-ac74-40a7-938a-b61bea25c60c,Travail/études,Échanger sur un sujet commun,La conversation est légère,2
83ffd6e1-c48e-4a84-94d9-f4264a18b5a6,Visite famille/amis,Échanger sur un sujet commun,Jamais,5
2af17938-0d83-4204-9168-9376c1672739,Travail/études,Rester tranquille,La conversation est légère,1
40ffe83a-3b33-4383-9bf3-f2b3dcded673,Visite famille/amis,Échanger sur un sujet commun,Le trajet est long,2
b5789c8a-5565-44f9-8733-8a01168da8c9,Loisirs/vacances,Rester tranquille,Jamais,3
cf0c4a73-ccde-4302-b7ea-7201dffec5b3,Autre,Échanger sur un sujet commun,La conversation est légère,3
3bdf538e-f176-4f2f-9f26-1b1f8da51504,Loisirs/vacances,Rester tranquille,Il/elle partage mes centres d'intérêt,3
0be2ebeb-b907-4f5c-9650-9050736e83da,Autre,Rester tranquille,Ça dépend,2
4b17a662-ca09-4228-bdaa-ae1f27c07d65,Visite famille/amis,Réseautage pro,Jamais,5
b146c6c7-61af-4b0d-9438-50e9627e2c61,Travail/études,Réseautage pro,Il/elle partage mes centres d'intérêt,1
f5296c8f-ce27-4c0b-ae89-af83b38967b9,Loisirs/vacances,Rester tranquille,La conversation est légère,2
2db92e0d-9435-4a9b-846c-8294ba74c61b,Travail/études,Échanger sur un sujet commun,Il/elle partage mes centres d'intérêt,2
65a4977a-17be-41f3-926f-ba07c3260a3f,Autre,Échanger sur un sujet commun,Ça dépend,4
0225da7e-39ee-4461-9086-468a6f7ed864,Visite famille/amis,Discussion sympa,Ça dépend,2
57336e71-c726-4ca3-b695-96da98ca4e33,Travail/études,Autre,Le trajet est long,5
de8f866b-1cd1-4606-bdb5-81febac6fc85,Autre,Rester tranquille,Il/elle partage mes centres d'intérêt,5
f6c08599-025f-4b64-978e-55988b5e9dc2,Autre,Autre,Jamais,1
58939af1-6ebf-4b7a-aac6-fc046cb6e6d3,Travail/études,Autre,La conversation est légère,1
53de4cea-2589-4219-af20-c918557b4fb5,Travail/études,Rester tranquille,Il/elle partage mes centres d'intérêt,3
b2b3eb0f-b7d8-418e-ac9e-00fb9b8a6260,Loisirs/vacances,Échanger sur un sujet commun,Il/elle partage mes centres d'intérêt,2
12922372-51eb-4c23-a37c-cc23839d03c4,Loisirs/vacances,Échanger sur un sujet commun,Jamais,4
c41406df-ab80-496a-aaf6-cf7e79775f9c,Travail/études,Rester tranquille,Il/elle partage mes centres d'intérêt,1
f280ac89-ea05-489a-b1af-5fca2edff5f0,Visite famille/amis,Rester tranquille,Il/elle partage mes centres d'intérêt,5
978dfa40-6fce-4b81-bb01-b9834d2f8fa5,Travail/études,Réseautage pro,Jamais,5
1e2d149d-2f27-4573-a4be-6391c2a41c24,Loisirs/vacances,Discussion sympa,Le trajet est long,1
fae6b0d7-68c3-4954-a3e0-74d10fd43c49,Autre,Échanger sur un sujet commun,Ça dépend,4
6bc0eb75-6cb3-4a3f-9150-d73e17515659,Loisirs/vacances,Rester tranquille,Jamais,3
aaaf5ed3-0807-4337-a089-19d91c974cbf,Autre,Rester tranquille,La conversation est légère,3
bcf0b1f4-840c-4bab-acfb-bde65c26c67a,Autre,Discussion sympa,Le trajet est long,4
6d30de31-ccd4-4e87-903e-3005a41442d6,Travail/études,Réseautage pro,Jamais,4
5a478931-3c1b-4e9c-8cfb-f3b3e555eb11,Autre,Échanger sur un sujet commun,Ça dépend,5
ec98a88b-54f5-41d7-9ff9-ad823862d119,Visite famille/amis,Discussion sympa,Le trajet est long,3
f4b6e6f2-34a2-45bb-935f-e13242f60926,Loisirs/vacances,Réseautage pro,Il/elle partage mes centres d'intérêt,1
7fcf0c31-8ea7-4b30-a76b-4cd3f5915197,Visite famille/amis,Rester tranquille,Le trajet est long,2
41aad4f6-eb4c-4b30-a988-ee193b337f5a,Loisirs/vacances,Rester tranquille,Il/elle partage mes centres d'intérêt,2
6fbbfad9-6cee-42b7-8598-ad7bf12778f0,Visite famille/amis,Rester tranquille,Le trajet est long,1
a755eeb6-05ba-4145-9d5a-022d4c0436ae,Travail/études,Autre,La conversation est légère,5
9764b0e6-2ea9-4d35-995d-e4a1c750994c,Visite famille/amis,Rester tranquille,Le trajet est long,1
4def1027-47f5-4fbe-a9ed-ce91a1fead6d,Visite famille/amis,Rester tranquille,La conversation est légère,5
142b92ca-9ccd-475b-a6c5-3f6f83a0b782,Visite famille/amis,Autre,Il/elle partage mes centres d'intérêt,2
b75a4d71-8d12-4fc1-b30f-652a6e868362,Autre,Rester tranquille,Jamais,5
6e0b64b9-fc10-46ea-bbd1-13ba6f426fa0,Loisirs/vacances,Discussion sympa,Il/elle partage mes centres d'intérêt,2
bb680079-0649-44a3-95d5-51b4f8b06b0e,Travail/études,Discussion sympa,Ça dépend,5
20468b27-3d96-4869-a871-98a563292bb5,Travail/études,Discussion sympa,Ça dépend,1
38f2918f-1ad9-4036-934d-e66972f6f6fe,Loisirs/vacances,Discussion sympa,La conversation est légère,2
33f82bfe-75d3-45df-854f-0f99f3d40721,Loisirs/vacances,Rester tranquille,Le trajet est long,5
ad79b0d7-a69a-4b33-8317-5bab5bbce786,Loisirs/vacances,Échanger sur un sujet commun,La conversation est légère,1
cdd8733d-fafd-4d60-8047-7de3867e0400,Visite famille/amis,Rester tranquille,Jamais,4
fa968a49-0731-48a9-a6f2-5a794c089f76,Travail/études,Réseautage pro,Il/elle partage mes centres d'intérêt,4
f3c41013-3c86-48e9-a2cf-fe6224aeb53b,Autre,Échanger sur un sujet commun,Ça dépend,4
ed4a26d3-b3b8-49ed-87f0-65e0135e0ff7,Loisirs/vacances,Rester tranquille,Jamais,4
285d0cc8-fcdb-41f7-87eb-443d6253f912,Autre,Autre,Jamais,1
6507a4c7-8d0e-48e2-9369-519072c6eba6,Travail/études,Rester tranquille,La conversation est légère,2
3ed3a194-20bc-4f7a-b45e-095ae91485e8,Visite famille/amis,Discussion sympa,Jamais,3
9403c4a5-d525-4b50-b6cc-5f4fc6372616,Travail/études,Autre,La conversation est légère,1
b29e0661-b846-4131-b613-a82c8ed88da6,Loisirs/vacances,Autre,Ça dépend,5
dcae613a-9e97-4460-b918-5e894f57ef62,Autre,Rester tranquille,Il/elle partage mes centres d'intérêt,5
753dbc6b-6453-40bd-8587-9c91c5b64a91,Loisirs/vacances,Discussion sympa,Ça dépend,2
1570e878-ca3f-4d07-a2c7-2e7d5e327491,Visite famille/amis,Discussion sympa,Ça dépend,2
1e8f368e-36e2-4c22-9df5-2730f2246ade,Visite famille/amis,Autre,Il/elle partage mes centres d'intérêt,3
9ac652a0-259a-4ccb-98e7-c6c47e6bb96a,Travail/études,Rester tranquille,Ça dépend,3
89430767-4d36-4318-82ce-2178c0cb1eef,Travail/études,Échanger sur un sujet commun,La conversation est légère,2
a7545057-592f-4212-9edb-6204c1f5ec22,Visite famille/amis,Autre,Ça dépend,5
d3c4ae3c-9e5e-4697-b43e-75f4482efabb,Travail/études,Rester tranquille,Ça dépend,3
36562af6-96f3-4b26-8206-5c0e91d16a00,Autre,Échanger sur un sujet commun,Le trajet est long,5
15bfc247-be72-4340-884e-4ebb225b3b51,Loisirs/vacances,Réseautage pro,Il/elle partage mes centres d'intérêt,1
13fafbe0-14d0-4903-b681-6bdfb293759a,Autre,Réseautage pro,Jamais,2
a6b914c5-dd5f-4c02-8385-85ebbf015f12,Visite famille/amis,Discussion sympa,Jamais,4
abcc3b6d-31f6-44a2-9781-095a49280359,Travail/études,Discussion sympa,Ça dépend,5
3f7267ba-4aba-4aa0-9dd4-754f309e8d63,Autre,Échanger sur un sujet commun,Ça dépend,3
7a17a867-78a5-4683-9497-722521dfaaa4,Loisirs/vacances,Discussion sympa,Ça dépend,1
e14c430f-4cdf-4a0b-96c9-ef2ec8456dbf,Loisirs/vacances,Rester tranquille,La conversation est légère,2
ff1093b5-a800-4711-82e2-60c86b959315,Visite famille/amis,Autre,Jamais,3
fbdf8d5a-5b0d-4314-b7aa-b51b4aea2517,Travail/études,Autre,La conversation est légère,1
a0fd9d1b-da43-455b-a584-f36d676810b2,Travail/études,Réseautage pro,Ça dépend,2
323455cd-18a8-4db6-abec-060b486a9529,Autre,Échanger sur un sujet commun,Ça dépend,4
0c68775d-d4fe-4965-a78e-bef2fe6300d8,Travail/études,Discussion sympa,Le trajet est long,3
0591191e-460d-4aac-99b7-a9db0c978b99,Visite famille/amis,Discussion sympa,Jamais,1
fd62ab41-57d9-4a46-b4f3-eb8378a5771a,Loisirs/vacances,Échanger sur un sujet commun,Il/elle partage mes centres d'intérêt,4
ce749bf9-101e-4d1b-b85a-c0248d98af64,Loisirs/vacances,Autre,Le trajet est long,3
2ce66c07-daf0-4459-8479-c91f3904eb55,Visite famille/amis,Échanger sur un sujet commun,Ça dépend,1
d517f861-5f1f-4537-a5c4-533c5b6036b5,Autre,Échanger sur un sujet commun,Il/elle partage mes centres d'intérêt,3
618ee18e-3888-4c6e-aba3-6ab3596bc0f0,Loisirs/vacances,Discussion sympa,Le trajet est long,4
aeea9d7e-6ba9-40dd-9027-60a610eede74,Loisirs/vacances,Réseautage pro,Jamais,4
704a9799-a427-4f9b-922e-3431200f1e3a,Visite famille/amis,Échanger sur un sujet commun,Il/elle partage mes centres d'intérêt,1
d34c862c-0906-4f3f-b4ed-ef75b0480992,Loisirs/vacances,Rester tranquille,Jamais,1
48ba10b8-8a69-41da-9977-8a69d4e85066,Loisirs/vacances,Réseautage pro,Jamais,2
61510486-52f5-4686-971b-6d3de37299c0,Loisirs/vacances,Réseautage pro,Le trajet est long,4
f660daee-1dd9-4617-8967-115a00d521f7,Visite famille/amis,Rester tranquille,Il/elle partage mes centres d'intérêt,5
11332ae1-ec81-4025-8a6b-2bfa7609bf37,Visite famille/amis,Échanger sur un sujet commun,Jamais,3
34a686c3-8167-4461-8675-81bc42698db5,Visite famille/amis,Réseautage pro,Ça dépend,5
c268939d-786b-4c48-aa5d-c3a39cb37302,Loisirs/vacances,Rester tranquille,Le trajet est long,2
9fd4374d-5f23-4aa5-957e-904b3e030580,Travail/études,Autre,Le trajet est long,2
06a467a6-16da-46ea-9f42-5f3316efd085,Visite famille/amis,Autre,Le trajet est long,1
e297e0d4-b4f9-4973-98ed-a0750bca26fb,Loisirs/vacances,Réseautage pro,Ça dépend,2
87fc7dac-e8c0-4cfb-8a6e-d027e70474cf,Visite famille/amis,Rester tranquille,Il/elle partage mes centres d'intérêt,5
fa41f1bf-1394-4c50-9971-05b389094dec,Travail/études,Réseautage pro,Le trajet est long,3
bf3edd32-1fb9-4588-84c6-9768a573e823,Loisirs/vacances,Réseautage pro,Jamais,1
74a175cb-e510-4fcb-a5c0-c020d12284f5,Travail/études,Autre,Il/elle partage mes centres d'intérêt,3
b42e2d9d-d8e5-4f73-aca2-1416f1d2012c,Autre,Réseautage pro,La conversation est légère,3
1d3fea4a-078f-4584-b48f-5dfbfbe96cd2,Autre,Discussion sympa,Le trajet est long,2
a210b0e2-91c8-436f-b95b-7e99230891e2,Travail/études,Réseautage pro,Le trajet est long,5
006705bc-0897-44b7-851d-43ae354baeba,Loisirs/vacances,Autre,Jamais,4
b2cc288e-3a96-4684-b037-1d28d6968275,Travail/études,Échanger sur un sujet commun,Ça dépend,2
d90f992f-8125-4c9d-a469-592edbcbc782,Loisirs/vacances,Discussion sympa,Ça dépend,1
c71616d6-b7ab-4b16-ac07-396ac198162b,Autre,Réseautage pro,Le trajet est long,1
b17df24b-e334-4900-8319-2c40c5caa006,Travail/études,Autre,La conversation est légère,4
dea7dd3c-f1e9-408d-8ebd-44e15ee40545,Autre,Rester tranquille,Jamais,2
19972836-f21e-42fa-933e-cfeb96b35f9b,Visite famille/amis,Échanger sur un sujet commun,Ça dépend,5
127f74c5-8023-47e3-9a1a-b495f657998e,Autre,Réseautage pro,Il/elle partage mes centres d'intérêt,4
5f39ca48-ec1c-4f56-b56f-b2908e906ade,Loisirs/vacances,Autre,Jamais,5
6147793c-b3ee-4df4-bd15-251d6b9a807d,Loisirs/vacances,Réseautage pro,Jamais,2
b81b275c-1367-4ae4-8c64-6b0d3452edb9,Visite famille/amis,Autre,Ça dépend,2
f2ac7bf9-8685-401d-acc7-c4b4669fe87e,Autre,Discussion sympa,Il/elle partage mes centres d'intérêt,1
8070d5ac-9f80-47b5-a9a5-ef3334fb75bf,Autre,Rester tranquille,Il/elle partage mes centres d'intérêt,4
e713ba28-f3e9-4c90-b856-cafaadd59275,Loisirs/vacances,Rester tranquille,Ça dépend,5
3c016214-af33-499d-a922-8d4e5e6d6146,Visite famille/amis,Échanger sur un sujet commun,Il/elle partage mes centres d'intérêt,1
42d566f9-0086-44dd-ac15-d3e575ab86d2,Visite famille/amis,Discussion sympa,Jamais,4
a835bfab-a632-47e7-8cdd-adf4771054b3,Visite famille/amis,Échanger sur un sujet commun,La conversation est légère,3
15445c27-d350-4af7-849f-b293b6970bb7,Autre,Échanger sur un sujet commun,La conversation est légère,5
3aef146f-4dc4-493a-90fd-54123d0b4639,Travail/études,Discussion sympa,Jamais,1
c7cea7e8-a4ad-4973-9914-5d181c75bbe8,Travail/études,Discussion sympa,Ça dépend,3
2a87f460-282a-4b91-8faa-6f9f7181bfa1,Travail/études,Discussion sympa,Le trajet est long,4
de66b52a-9617-4d24-870a-b74e403d352b,Autre,Discussion sympa,Jamais,4
2e1b6578-2000-402e-ad8c-60d18c891ae5,Travail/études,Échanger sur un sujet commun,La conversation est légère,4
d2c39f2d-d3cf-4f14-8a1c-e698e7e1b59d,Autre,Discussion sympa,Le trajet est long,5
85a43aff-4aff-4383-987c-ccfd55f64048,Travail/études,Réseautage pro,Le trajet est long,1
eb92b6a2-e8f5-48df-bd3e-803389a5ad3f,Visite famille/amis,Rester tranquille,La conversation est légère,4
f17bf56d-e131-4c84-985d-3ebfc0b65d86,Travail/études,Échanger sur un sujet commun,Jamais,3
19055521-0a50-4e7c-ba9c-7fb69c08c475,Loisirs/vacances,Autre,Le trajet est long,1
777fa7b8-67cb-4176-ab82-8a43e304bd66,Autre,Réseautage pro,Il/elle partage mes centres d'intérêt,3
a35c3f98-9e0a-4160-95c1-6570ba8c981c,Autre,Autre,Ça dépend,1
a394ffff-1f1a-47d2-adcc-9dccec316347,Autre,Autre,Il/elle partage mes centres d'intérêt,5
baa6b55e-da86-4467-b4db-6774c0dee54d,Visite famille/amis,Rester tranquille,La conversation est légère,3
b303e318-e3ce-4d45-b867-7f0f10a1f61a,Autre,Autre,Jamais,4
63948b52-0291-48a7-86ba-c02cf8c2c9d2,Loisirs/vacances,Discussion sympa,Jamais,1
4b6a7b8f-8e3c-4af7-a10b-019f5bf7f01c,Loisirs/vacances,Échanger sur un sujet commun,Le trajet est long,2
4e50740a-21b6-420c-82cd-f823d0767a0f,Loisirs/vacances,Échanger sur un sujet commun,Le trajet est long,4
50e4c94b-e2a6-4d41-9712-21d008f82b86,Visite famille/amis,Discussion sympa,Jamais,3
e69c76fb-f17e-4320-a68e-dbf26b1af0d5,Visite famille/amis,Autre,Il/elle partage mes centres d'intérêt,3
73f3ed92-a962-4ee9-bc66-8001c8cce699,Visite famille/amis,Rester tranquille,Ça dépend,2
53219ef4-e58f-4315-afab-47fdba81233f,Loisirs/vacances,Réseautage pro,Ça dépend,1
6e36f7be-860c-4d58-89de-85db264f84df,Visite famille/amis,Réseautage pro,La conversation est légère,5
9ad070f8-e577-4987-921c-9ee66910ff33,Loisirs/vacances,Rester tranquille,Jamais,3
6687c2cb-adf2-4b52-9f34-503706f90e2e,Autre,Discussion sympa,La conversation est légère,3
fb6ef580-7092-4948-b276-3bd5b51dd775,Travail/études,Rester tranquille,Ça dépend,3
b02e389e-aa20-435b-bb19-2c75cbb2ebb7,Loisirs/vacances,Échanger sur un sujet commun,Il/elle partage mes centres d'intérêt,4
429ab2b9-d2a1-4850-be28-56a55f179195,Visite famille/amis,Discussion sympa,Le trajet est long,4
a28d9ec2-8508-4e01-9b72-1a40c07f475e,Travail/études,Discussion sympa,La conversation est légère,1
a2386859-efa3-46a4-b7d4-3bb9975da8c6,Visite famille/amis,Échanger sur un sujet commun,Jamais,5
54785d92-d718-4cf6-a783-cb0fa02cbdc9,Visite famille/amis,Discussion sympa,La conversation est légère,4
d9a4253c-286e-4e8f-864a-a5325fe1b4a6,Autre,Discussion sympa,Il/elle partage mes centres d'intérêt,4
c977143b-5ec7-420f-87d7-2856c11e37aa,Autre,Échanger sur un sujet commun,Il/elle partage mes centres d'intérêt,3
dc5c5f52-c7f7-4a01-963a-3d2c0ca0485a,Loisirs/vacances,Rester tranquille,La conversation est légère,3
64a27da4-5e95-4e5d-a05c-6dd65f04fb08,Autre,Discussion sympa,La conversation est légère,3
2032c809-3d84-4b7d-93cc-c8835246037c,Loisirs/vacances,Réseautage pro,Jamais,3
7027bd33-ca1e-4a97-aea1-d5909e7d5efb,Loisirs/vacances,Discussion sympa,Ça dépend,4
cc477cba-a15b-4e13-9044-988332a861dd,Autre,Rester tranquille,Le trajet est long,5
c03baf3b-56a1-47be-845f-58131652e2f2,Travail/études,Réseautage pro,Jamais,2
5b6d580c-da93-4e8e-8c73-37bc7f4cda8f,Visite famille/amis,Discussion sympa,Jamais,3
76df122b-24e3-4e95-8a84-4464861d3397,Travail/études,Rester tranquille,Il/elle partage mes centres d'intérêt,5
8366c942-115f-4574-966c-1f7b6f9d4384,Autre,Échanger sur un sujet commun,Ça dépend,3
76399a14-73ff-47e0-8cb0-c9e3a8cf86e5,Visite famille/amis,Autre,Ça dépend,5
6eeb7f62-5b04-4c02-96bf-b229aac28ed5,Visite famille/amis,Échanger sur un sujet commun,Jamais,5
f5399535-fca2-4caa-a19b-4e34e8232f35,Visite famille/amis,Réseautage pro,Il/elle partage mes centres d'intérêt,1
842747f3-4b61-418b-8c41-fc6ef3a64a50,Loisirs/vacances,Autre,La conversation est légère,4
320370c6-37b6-4045-9c1b-fd24c9d91ef0,Travail/études,Réseautage pro,Ça dépend,5
0d1b83a8-52be-4164-a271-ca17ac4d6858,Visite famille/amis,Discussion sympa,Jamais,4
3e2b1156-c735-4943-bcab-8324707c65fe,Loisirs/vacances,Discussion sympa,Ça dépend,1
5adf981a-5162-4636-8a1f-b628dee0d1f6,Autre,Rester tranquille,Le trajet est long,1
a13dc7b2-1188-4c98-b272-cbadead1a7e9,Travail/études,Échanger sur un sujet commun,Le trajet est long,5
30765377-ab71-4e83-ab37-e79fd4f47d6d,Visite famille/amis,Rester tranquille,Le trajet est long,5
2cdcd669-30ac-4b68-8787-c668ee4b8394,Loisirs/vacances,Autre,Ça dépend,3
2b1b9d6e-4b04-410a-abd9-ffc579e79848,Travail/études,Échanger sur un sujet commun,Il/elle partage mes centres d'intérêt,4
666f88e1-7312-4f40-be00-e7bfbe960091,Travail/études,Échanger sur un sujet commun,La conversation est légère,3
0c94268d-efb2-4f1d-99f9-513a1e1fc892,Visite famille/amis,Rester tranquille,Le trajet est long,4
fa338872-1e9d-4f6c-a26b-848389607fc3,Autre,Rester tranquille,Il/elle partage mes centres d'intérêt,3
d5cb641e-36e5-4f74-99b8-eb75637a3464,Autre,Échanger sur un sujet commun,Le trajet est long,3
99b40043-bc14-4c03-a2d2-e65c589a7f6e,Travail/études,Autre,Il/elle partage mes centres d'intérêt,4
cddd5c0f-a046-4cc0-be6b-1220e598a7eb,Visite famille/amis,Réseautage pro,La conversation est légère,4
fc4947fe-f603-4a06-8c0f-195e24f84533,Loisirs/vacances,Discussion sympa,Jamais,3
fd3f957b-e300-46ba-a387-903e29ecc53d,Loisirs/vacances,Réseautage pro,Il/elle partage mes centres d'intérêt,3
52e63ca5-73ea-4ef9-b488-f4087818154f,Loisirs/vacances,Réseautage pro,Ça dépend,1
0d843522-414e-456a-9079-bc987606beb2,Visite famille/amis,Discussion sympa,Il/elle partage mes centres d'intérêt,1
e339d297-5870-4004-8aa0-b19066f16ff8,Visite famille/amis,Réseautage pro,La conversation est légère,5
2856c4e7-c2e9-4f76-8866-9b7e22f78b00,Visite famille/amis,Échanger sur un sujet commun,La conversation est légère,1
9be2fd26-5f06-4417-b53b-fc68f8526c21,Travail/études,Réseautage pro,Il/elle partage mes centres d'intérêt,4
eb17b67f-5173-4c88-861a-893d36433410,Visite famille/amis,Réseautage pro,La conversation est légère,5
70d6dffa-0827-46c9-a20f-95d97c1851bb,Loisirs/vacances,Autre,La conversation est légère,5
04823c5f-cae0-4655-949e-997bd7e6599a,Loisirs/vacances,Discussion sympa,Il/elle partage mes centres d'intérêt,1
fbb069ee-b77c-4942-adf1-89f6703ff5c9,Loisirs/vacances,Échanger sur un sujet commun,Ça dépend,3
cf374490-eb05-4b1e-88a6-3d1313d1b7f6,Autre,Échanger sur un sujet commun,Il/elle partage mes centres d'intérêt,4
b47b147c-9f53-46af-8b4e-60e2ed1280ec,Autre,Échanger sur un sujet commun,Le trajet est long,1
515ba5a1-d2a9-41a5-99d6-6e222de75440,Travail/études,Autre,Il/elle partage mes centres d'intérêt,4
32442419-6a0f-4ff7-b7ec-47b0ecdb5850,Autre,Réseautage pro,Jamais,3
dc0f85e7-63d7-4103-bb40-a654f5a0a8c2,Travail/études,Discussion sympa,Ça dépend,4
6cfabfc9-ea6f-4286-b86c-64822ef2c852,Travail/études,Réseautage pro,La conversation est légère,5
3635f5ef-30e5-4039-a366-a9633424a6ba,Autre,Rester tranquille,La conversation est légère,2
2a02eafa-4953-49c7-9f19-c0b9b59193d8,Autre,Réseautage pro,Il/elle partage mes centres d'intérêt,3
21ba39d6-ec0f-4394-ad94-1031e37c5f36,Visite famille/amis,Échanger sur un sujet commun,Le trajet est long,2
562b5315-5862-4b36-969a-5db0954c8643,Visite famille/amis,Autre,Le trajet est long,4
80719f08-e523-469e-8fb1-b5643e8e9126,Travail/études,Rester tranquille,Le trajet est long,4
ea961347-2ab4-41c8-8495-27812f55879e,Travail/études,Discussion sympa,La conversation est légère,5
7b34caed-ebdb-4664-9f9c-23724353bd23,Autre,Discussion sympa,Jamais,5
115cba55-9fe8-46cf-91ab-fa2d23854870,Autre,Discussion sympa,Il/elle partage mes centres d'intérêt,5
ec40d83b-bb42-4685-8bf0-b928d9fba783,Travail/études,Réseautage pro,La conversation est légère,5
4edb247c-5e22-4c44-afd3-4c361207560b,Loisirs/vacances,Discussion sympa,Jamais,4
b52be7b5-59b0-4105-abab-7f87b5eb2b1e,Autre,Rester tranquille,Ça dépend,2
77035add-c16a-48a1-aacf-e5649f79aa20,Loisirs/vacances,Rester tranquille,Jamais,5
f05c7055-8480-4407-be54-674bf6710e64,Visite famille/amis,Échanger sur un sujet commun,Le trajet est long,4
a3fddd23-732e-4c45-879a-e5cb3ceaa0c5,Autre,Rester tranquille,Le trajet est long,3
9057f14c-7c37-4b61-808f-f18ee28a8f17,Loisirs/vacances,Autre,La conversation est légère,1
13ea4e36-2e63-42ba-bdd6-d2d270862900,Autre,Discussion sympa,Le trajet est long,4
aa8d5b0a-38c9-4c40-bf19-5ee80a0d18a3,Visite famille/amis,Discussion sympa,Jamais,1
b082c532-e6ac-499b-b891-091591d781d1,Visite famille/amis,Réseautage pro,Il/elle partage mes centres d'intérêt,1
951a739c-eed4-49df-9fb1-f64d988f823c,Visite famille/amis,Autre,La conversation est légère,3
b37250ec-7ab1-4d8d-95b1-6e8ecd672f12,Travail/études,Autre,La conversation est légère,5
efc1e0f7-83c3-4244-b967-e5f9a8779f6d,Loisirs/vacances,Discussion sympa,La conversation est légère,5
36a28def-7978-4468-b75a-dde4f23cef97,Visite famille/amis,Autre,La conversation est légère,2
6880541b-2568-41ba-9f08-c1b81bc061a9,Visite famille/amis,Discussion sympa,Le trajet est long,3
7d44d33a-d345-4cbd-9fc2-f43bc7f3284a,Autre,Échanger sur un sujet commun,Ça dépend,4
b2d712aa-80e2-437f-acfe-d0bfb7d5b8b8,Visite famille/amis,Échanger sur un sujet commun,Jamais,2
0a5ddf5c-8911-47f0-ac91-2f1e3d924f82,Visite famille/amis,Rester tranquille,Ça dépend,4
b0518904-165f-4d3a-874f-ad412a1a0e2e,Travail/études,Discussion sympa,Il/elle partage mes centres d'intérêt,2
c7952c19-7687-4839-9403-e4ec49420bfb,Travail/études,Rester tranquille,Ça dépend,4
be2dc7c3-81f6-4c18-862a-2521c036965d,Travail/études,Autre,La conversation est légère,5
c22c447d-3cdc-4602-9eb6-4f6fb43eefcd,Travail/études,Réseautage pro,La conversation est légère,4
20ae16bb-3813-450b-848f-42f44f5d9d4d,Travail/études,Discussion sympa,La conversation est légère,3
2c32305a-832a-4dc2-b8c5-2b6018d06559,Visite famille/amis,Rester tranquille,Le trajet est long,4
187515bd-aaaf-4d0b-81d0-b0bd89cc9b3b,Visite famille/amis,Discussion sympa,Il/elle partage mes centres d'intérêt,4
114fcbcc-f74e-40cf-b987-9780abafc374,Visite famille/amis,Rester tranquille,Le trajet est long,3
9474f9cc-ad7e-4507-88a4-cf6e1514cdff,Visite famille/amis,Rester tranquille,Le trajet est long,3
45105ebe-9a63-461e-a5b0-c0fb5174566b,Autre,Réseautage pro,Il/elle partage mes centres d'intérêt,5
23a1d552-c513-4024-9c47-95d9e5976436,Autre,Autre,Il/elle partage mes centres d'intérêt,4
77af2df2-3df1-43c1-a7a8-76ff02708055,Visite famille/amis,Rester tranquille,Il/elle partage mes centres d'intérêt,5
7f646ff3-ee31-47d6-9ec2-671b605d78f8,Visite famille/amis,Rester tranquille,La conversation est légère,1
e2ae68d5-7bd8-442f-9718-cb54643c7f58,Loisirs/vacances,Réseautage pro,Ça dépend,5
1616ca79-3f84-4da8-a234-0d1e70b4465f,Loisirs/vacances,Réseautage pro,Jamais,5
0a836335-08fc-499e-a876-ee112cf08557,Visite famille/amis,Réseautage pro,Ça dépend,1
34180008-f136-4c9b-af73-5f227dc97583,Travail/études,Discussion sympa,Jamais,3
5122670a-d72f-4062-b58e-4d451ccb48e8,Travail/études,Réseautage pro,Ça dépend,3
31976c41-1a4b-46ae-84aa-a42fda8215bd,Visite famille/amis,Échanger sur un sujet commun,Le trajet est long,2
f6c32253-4fdd-47d2-a2db-e3b1c159cfbb,Autre,Échanger sur un sujet commun,Jamais,3
ebb7da22-10ff-4a1b-9413-be8b24b8168b,Visite famille/amis,Autre,Il/elle partage mes centres d'intérêt,2
dda05f1a-de80-4103-9ed0-f3b58af59c95,Visite famille/amis,Autre,Il/elle partage mes centres d'intérêt,1
83312d66-cb58-445e-b13d-920cdc545f8c,Autre,Discussion sympa,Le trajet est long,2
21476d2c-5665-4d97-9c7e-e3af4d8b461a,Visite famille/amis,Réseautage pro,La conversation est légère,3
a2779ecb-6ab3-4ab2-a416-04a104e01a71,Visite famille/amis,Discussion sympa,Il/elle partage mes centres d'intérêt,2
b9645592-fee9-4657-9ee7-86e426f92eb6,Visite famille/amis,Échanger sur un sujet commun,Jamais,1
f4276083-534f-4792-9980-307ebf77c8b0,Visite famille/amis,Réseautage pro,Jamais,5
796752cd-ff72-4acc-ada9-b309c1273f02,Loisirs/vacances,Rester tranquille,Jamais,2
d7cc280e-baeb-4d75-9c70-70d4effaa530,Autre,Discussion sympa,Le trajet est long,3
60b2526d-9625-477f-b642-891cf8644710,Travail/études,Autre,Ça dépend,5
4dcb469b-8310-41c3-99a1-2e1cec5fe2fe,Autre,Réseautage pro,Ça dépend,2
d39c2d16-25bb-43b5-b8de-26baa011a328,Travail/études,Réseautage pro,Jamais,5
8710a439-70fb-4912-8ce8-a8a06ea25aa8,Travail/études,Réseautage pro,Jamais,3
34217540-e460-4d89-9fed-92f0b76a110c,Visite famille/amis,Autre,Il/elle partage mes centres d'intérêt,5
c18f4e4a-54b6-45a9-9809-fa2359f92342,Loisirs/vacances,Réseautage pro,La conversation est légère,3
7fe6e05b-1dd6-4899-a490-5f6a8f5d1a17,Travail/études,Réseautage pro,La conversation est légère,2
bf68a639-d4d4-4008-851f-be8405ffefa4,Loisirs/vacances,Rester tranquille,Il/elle partage mes centres d'intérêt,5
c28d8fb7-96eb-4a4e-b30d-49740cdd4258,Loisirs/vacances,Rester tranquille,Le trajet est long,4
23b19409-b8e8-49cb-952d-77990ec572a0,Loisirs/vacances,Échanger sur un sujet commun,La conversation est légère,3
1c932776-6312-4f54-a87e-9cb0fc2af8c5,Travail/études,Discussion sympa,Jamais,4
0d594f3e-7b6e-4250-a9c5-44d70c8ab59c,Loisirs/vacances,Rester tranquille,Jamais,5
65f88ac3-9440-4cb6-b1c1-56a1e120cfd6,Visite famille/amis,Échanger sur un sujet commun,Jamais,4
8140d3b8-33d0-4019-bba7-cbf86682a058,Autre,Discussion sympa,La conversation est légère,4
0d0f1795-5497-4491-97ce-bfaa82fedd0c,Autre,Autre,Il/elle partage mes centres d'intérêt,3
95b48868-259a-4085-83de-abfc37542280,Loisirs/vacances,Discussion sympa,Il/elle partage mes centres d'intérêt,1
9ab82127-2c06-410a-ba24-adc2bda498eb,Loisirs/vacances,Échanger sur un sujet commun,Jamais,4
31cdeef2-83ce-4e57-9c0f-cc4f5d2d6452,Autre,Échanger sur un sujet commun,Jamais,3
7c945bd0-5268-4ba6-951d-530c4b9e8b18,Autre,Rester tranquille,Il/elle partage mes centres d'intérêt,2
4603adfd-2b6d-4c76-8723-abd7b6f1dded,Loisirs/vacances,Discussion sympa,Jamais,2
ec139f36-376b-4190-be8f-0f4717916779,Autre,Échanger sur un sujet commun,Il/elle partage mes centres d'intérêt,2
4f747758-9705-4233-b2fa-c0530454a270,Travail/études,Réseautage pro,Le trajet est long,2
5b3a4f27-22e3-4682-bbf0-7f92bf0752d7,Autre,Rester tranquille,La conversation est légère,1
c55b1d4d-d1a2-4ce8-b5b5-3ece4376d42c,Travail/études,Autre,Le trajet est long,4
e14fe32a-5816-469b-a806-25fd02903e70,Autre,Discussion sympa,Jamais,3
7f687153-deb5-4653-b5ad-d709e5593136,Autre,Discussion sympa,Jamais,3
b1489bc5-5def-4ea4-a793-0477f653ad36,Loisirs/vacances,Échanger sur un sujet commun,La conversation est légère,1
ca1405a6-1221-46dd-8f16-80ebbbb4834e,Travail/études,Réseautage pro,Il/elle partage mes centres d'intérêt,1
fef231db-89b3-4540-8a82-2879c463e105,Travail/études,Discussion sympa,Ça dépend,3
ffb51da3-ff4e-4582-92a1-0d033ff5d8da,Travail/études,Discussion sympa,La conversation est légère,3
d47184b0-4849-4a35-8f44-a9d20809ddb6,Autre,Réseautage pro,Jamais,5
79c64afb-24ef-4603-badb-ce21b036d2c7,Loisirs/vacances,Autre,Le trajet est long,2
bf67de7a-d857-41a6-a327-cd76b28deeed,Loisirs/vacances,Discussion sympa,La conversation est légère,1
d2f5c91f-fe4c-4b97-9190-9ee602a743be,Autre,Discussion sympa,Le trajet est long,4
a2ca79f5-c068-4430-b77b-be1c189595d8,Autre,Échanger sur un sujet commun,Le trajet est long,1
358a3bbc-62df-4a10-b33a-fdef346d94ad,Autre,Réseautage pro,Il/elle partage mes centres d'intérêt,3
5f110cb0-67e7-41bb-afc3-e69cd65e8726,Autre,Rester tranquille,Il/elle partage mes centres d'intérêt,4
c315aae1-4e6a-467b-bc3d-5de652701245,Visite famille/amis,Rester tranquille,Le trajet est long,5
326a307f-875b-4a9a-81dd-5bd55f29a03c,Visite famille/amis,Rester tranquille,Jamais,3
46729df7-46c8-4a7f-b136-132cfd391c8d,Loisirs/vacances,Échanger sur un sujet commun,Il/elle partage mes centres d'intérêt,3
5a6259b1-1866-4fa2-8f61-c948583a3265,Autre,Réseautage pro,Le trajet est long,4
a264550b-d565-4ab7-8684-f99d129c7b45,Autre,Rester tranquille,Le trajet est long,1
9eef65ce-5723-4c40-81d3-0e684042d820,Loisirs/vacances,Réseautage pro,Jamais,5
48b2159d-0dd4-4904-a22d-cade4b6c029e,Visite famille/amis,Échanger sur un sujet commun,Jamais,3
33db17ea-7b76-4546-a261-a48e94b7689c,Autre,Discussion sympa,Le trajet est long,3
11be73de-c4e0-4f4f-aa30-0cc2b3616345,Loisirs/vacances,Rester tranquille,Ça dépend,3
5a42b589-e6f1-4e51-a5e3-3320dd292670,Autre,Rester tranquille,Il/elle partage mes centres d'intérêt,3
d2624b7d-df25-49c7-8cf7-4aca0cbe711e,Travail/études,Réseautage pro,Ça dépend,5
bc947e25-d6fa-476b-bd20-3bca9d0904aa,Visite famille/amis,Réseautage pro,La conversation est légère,1
fd38cf55-b34f-45b8-8d20-31850b541406,Autre,Rester tranquille,Il/elle partage mes centres d'intérêt,3
9d86f8cb-8453-4a0b-b1f6-30ba3a101338,Visite famille/amis,Discussion sympa,Jamais,2
6b394bca-0f2f-4557-aafd-9b7f9e922441,Travail/études,Autre,Ça dépend,1
22624796-e3d9-4ec3-9eed-3d117330e28b,Loisirs/vacances,Discussion sympa,Le trajet est long,1
498608a4-1e96-44cc-9192-9da2697689e5,Autre,Échanger sur un sujet commun,Il/elle partage mes centres d'intérêt,5
9eb0164f-4645-42b3-8767-39250a49945b,Travail/études,Autre,Ça dépend,1
132e225f-f3f3-480e-af75-ba4876620e57,Travail/études,Autre,La conversation est légère,5
e7800245-5b53-48fb-bfbb-8aebdb5d64c9,Autre,Réseautage pro,Le trajet est long,4
9113bd76-951d-4df5-b61c-b4608358f880,Visite famille/amis,Réseautage pro,La conversation est légère,4
d6c1dd89-e122-40a1-b598-9680ae10a3bf,Autre,Rester tranquille,Le trajet est long,4
0ccc7b0f-d263-43d3-a872-341bc6d6140b,Autre,Discussion sympa,Il/elle partage mes centres d'intérêt,1
8f68d384-610f-4fe8-a6be-d750ffddfef7,Autre,Discussion sympa,Ça dépend,3
ff16f5fa-0861-44b7-900d-fabba20d6117,Loisirs/vacances,Autre,Il/elle partage mes centres d'intérêt,1
48f41357-f803-4fc3-9e1c-316b06d59a81,Visite famille/amis,Échanger sur un sujet commun,Ça dépend,4
6330c2f4-64eb-4757-89a5-7947976e72d3,Loisirs/vacances,Discussion sympa,Le trajet est long,3
9ef6afb6-b87c-4dbd-8691-cc09041aabdf,Travail/études,Réseautage pro,Il/elle partage mes centres d'intérêt,1
4d2ecaa3-fef7-4d84-805f-44b5e7085da4,Loisirs/vacances,Rester tranquille,Ça dépend,4
ad3bec1a-83e6-466b-b211-e9c158c25fe6,Autre,Rester tranquille,Il/elle partage mes centres d'intérêt,5
dec39be5-49d4-4467-b454-66185a169c90,Travail/études,Discussion sympa,Ça dépend,3
ac88572a-79b5-426f-91d3-542742d4df52,Visite famille/amis,Autre,Le trajet est long,4
12337daa-41c2-424c-b768-80f23dd7fd29,Visite famille/amis,Discussion sympa,Il/elle partage mes centres d'intérêt,1
8b323720-fcb2-4ae6-9832-7e1ab50a0860,Travail/études,Rester tranquille,Jamais,5
42f75022-786e-4df1-83b1-2a56a0f3a962,Autre,Réseautage pro,La conversation est légère,4
8386e01f-e232-4df9-ba20-612c230e37b9,Travail/études,Rester tranquille,Ça dépend,3
688089c5-456c-4545-8f91-c3c05efff585,Autre,Échanger sur un sujet commun,Le trajet est long,1
669915ce-247f-4a9f-b297-ed35c8e71fdb,Visite famille/amis,Rester tranquille,Le trajet est long,5
e9429b7a-413f-4a3f-8749-9cfc85a87679,Visite famille/amis,Rester tranquille,La conversation est légère,5
3a0540f8-4e48-4c4c-a670-366036a52fd4,Loisirs/vacances,Réseautage pro,Il/elle partage mes centres d'intérêt,4
09550b93-c6e5-4434-b1b6-bd286b5dafbd,Visite famille/amis,Autre,Il/elle partage mes centres d'intérêt,4
32fc7003-11bb-4c77-a448-b73b208e7cdb,Visite famille/amis,Rester tranquille,Ça dépend,4
4dc42f68-af60-4064-b093-c3a115548a40,Visite famille/amis,Autre,Le trajet est long,2
990115c8-cdd7-4a55-84ca-47fe2f050dcc,Visite famille/amis,Échanger sur un sujet commun,Ça dépend,1
9ffcdf0a-9731-455a-b5d0-841dac627a7b,Loisirs/vacances,Échanger sur un sujet commun,Jamais,2
69819e90-2bb9-4d32-99aa-72a3775cd6ee,Loisirs/vacances,Échanger sur un sujet commun,Il/elle partage mes centres d'intérêt,2
b42c8ce1-d64e-4429-9159-7bc8b3fa76bb,Loisirs/vacances,Autre,La conversation est légère,1
a41b2e91-667b-4ca9-96d7-b257b8d80e43,Travail/études,Échanger sur un sujet commun,Le trajet est long,3
ea46d355-1861-423f-92e1-ea627ed04ade,Travail/études,Rester tranquille,Ça dépend,5
76b43e05-6e1b-4222-a438-d187fe3e810e,Travail/études,Rester tranquille,Ça dépend,5
94ed9a39-f3b6-4a78-a27a-f1f88a4d1d49,Autre,Autre,Ça dépend,4
f7eeb776-1f27-4053-a5da-bb8775287146,Travail/études,Échanger sur un sujet commun,Jamais,2
090b4c5b-c875-4dd7-b3b0-1ace2be9e56b,Loisirs/vacances,Rester tranquille,Ça dépend,3
951dd000-cbac-48d5-89ed-7853953c2eed,Travail/études,Rester tranquille,Ça dépend,5
33add61c-0a5d-4c62-b64d-e3a911750f41,Loisirs/vacances,Autre,Jamais,3
61a52345-3762-4c4d-b707-6979dfa0f089,Autre,Rester tranquille,Ça dépend,3
6e0ff188-2cdb-4db2-a914-d966c6c3390c,Visite famille/amis,Rester tranquille,Le trajet est long,5
721b0c0f-0ca8-4212-8d76-ee4f663c3fe7,Visite famille/amis,Réseautage pro,Le trajet est long,1
d148208e-28ac-457c-a4b0-6d0f557d1c7c,Loisirs/vacances,Réseautage pro,Jamais,2
9eb2d724-9e89-4693-adb4-44e7a8e2f21b,Autre,Échanger sur un sujet commun,Il/elle partage mes centres d'intérêt,5
7082ec79-f545-4847-ad69-3ac642f8c05d,Travail/études,Échanger sur un sujet commun,Le trajet est long,5
8c8f93e8-a153-4688-972c-cb31f086f1a2,Visite famille/amis,Autre,Le trajet est long,4
38b3843e-200a-4d5c-b616-3747e8d599a5,Visite famille/amis,Échanger sur un sujet commun,La conversation est légère,4
159424ec-f82f-4aa8-b253-744f4b99bbdd,Autre,Échanger sur un sujet commun,La conversation est légère,1
effa3144-d00c-4593-85a3-2f295425f5d0,Visite famille/amis,Autre,La conversation est légère,1
6ca13e7f-b557-43de-b2fa-4013e31ec196,Visite famille/amis,Réseautage pro,Il/elle partage mes centres d'intérêt,1
7bf28eb9-5cf2-40d2-a14e-af7ffdd64167,Travail/études,Autre,Le trajet est long,2
b39f4a7d-5a88-4ed6-a106-7e1b723ba728,Loisirs/vacances,Échanger sur un sujet commun,Le trajet est long,5
67c1e43d-bfe3-41e0-bc4b-fd1d4399e044,Travail/études,Rester tranquille,Ça dépend,4
8e43dbf9-c7a9-4e58-bed8-8d4d2cae0e0a,Visite famille/amis,Rester tranquille,La conversation est légère,1
e4aa5037-2903-4d47-af53-4a153a8d4b3c,Loisirs/vacances,Réseautage pro,La conversation est légère,2
8f8a2d0c-f15a-4c86-b316-d61c73930d99,Autre,Autre,Il/elle partage mes centres d'intérêt,4
13755730-0d93-49a3-9eb2-374c2eb1e8b8,Travail/études,Échanger sur un sujet commun,Il/elle partage mes centres d'intérêt,2
8335e69c-ff85-474e-b75b-f6670e4cce05,Loisirs/vacances,Discussion sympa,Le trajet est long,3
0b17e0bc-1197-45cf-8e5b-547f9fdbdd78,Autre,Autre,Le trajet est long,4
7d7293ba-af90-4287-9979-2ef74c907999,Loisirs/vacances,Discussion sympa,Il/elle partage mes centres d'intérêt,3
3a5d3f40-6a45-4595-9259-dd782d789ebd,Travail/études,Réseautage pro,Jamais,4
84a5041d-06cb-465c-90bb-2e5edabf9715,Visite famille/amis,Réseautage pro,Il/elle partage mes centres d'intérêt,5
4c1f1cda-adf5-4bb1-9e94-44d5ebbc1ac3,Loisirs/vacances,Autre,Ça dépend,4
38053c3c-0e6e-4675-a4e8-7fb75152fd1f,Travail/études,Discussion sympa,Jamais,2
2e0fc20a-443e-4e3b-858c-923de87df0b2,Travail/études,Rester tranquille,La conversation est légère,5
4e011a13-d3db-40ee-915b-d1fddb73d398,Visite famille/amis,Réseautage pro,La conversation est légère,1
c6f5e5d2-e304-4869-a9ec-6d1a18dbdce5,Visite famille/amis,Autre,La conversation est légère,3
d4741d9d-62a3-4ec3-b2fc-64d981fd16ba,Visite famille/amis,Échanger sur un sujet commun,Ça dépend,1
286c4d99-4a74-45a1-a69c-c79141f741c3,Autre,Discussion sympa,Le trajet est long,3
8c6e2f01-253c-44db-b870-81003963185b,Travail/études,Autre,Ça dépend,1
03970d88-2023-4dee-9b03-ba3d73f67236,Travail/études,Discussion sympa,La conversation est légère,2
d48bfbd2-5e25-405d-99ab-8374264f35e6,Loisirs/vacances,Rester tranquille,Il/elle partage mes centres d'intérêt,3
e0134803-9c4c-410f-8f2a-c266f463ceb8,Autre,Réseautage pro,Jamais,5
78fe4221-222c-45db-b0cb-94075e716c96,Travail/études,Autre,Ça dépend,2
62a83320-ea61-4e9c-a132-84088f26ee8a,Visite famille/amis,Échanger sur un sujet commun,Jamais,2
39f3186c-f571-406a-803e-3087757f5fd9,Travail/études,Échanger sur un sujet commun,Il/elle partage mes centres d'intérêt,3
73c5844e-a0c1-4f18-8592-1c07d078367b,Loisirs/vacances,Rester tranquille,Le trajet est long,4
f4c7a4ed-0736-4da8-865f-db050b25d2de,Travail/études,Réseautage pro,Le trajet est long,5
37bd7985-ad9c-4d32-8ff9-aacfcc8dc711,Autre,Échanger sur un sujet commun,Il/elle partage mes centres d'intérêt,1
686aa8ee-d874-406b-9bb3-e9327299ed31,Visite famille/amis,Autre,Jamais,4
3d774675-06a4-4517-b4b2-6a9e3445bbe4,Loisirs/vacances,Rester tranquille,La conversation est légère,5
5e722fdc-5035-4f53-a96f-0cd2fe0ad37b,Autre,Rester tranquille,Jamais,2
80f60608-9530-4586-afc1-6434b32f74ba,Visite famille/amis,Autre,Il/elle partage mes centres d'intérêt,2
244700e5-102c-4fc5-8ec5-c098b7b49c55,Visite famille/amis,Discussion sympa,La conversation est légère,3
693a1c6f-bddf-4f59-a394-aa9ea269a3f6,Autre,Rester tranquille,Jamais,3
6b2509dc-8f0e-4f94-bd0f-b780ba128577,Loisirs/vacances,Rester tranquille,Ça dépend,2
08915668-3cc3-4fc5-b76b-0a3fcde873ea,Loisirs/vacances,Discussion sympa,La conversation est légère,2
45699d22-8c25-4c9a-ae72-7c47eb6b52a2,Visite famille/amis,Autre,Jamais,1
c88a484e-7352-4f1f-9dd1-cadc75c925f6,Travail/études,Autre,La conversation est légère,4
d0d07af4-6b23-47d5-bd96-8d52e30762e8,Travail/études,Réseautage pro,Le trajet est long,3
e3eedb9d-3bf6-42aa-85cc-11fac262ee9f,Travail/études,Réseautage pro,La conversation est légère,2
59484a22-bcac-4bf3-bd30-2e4563a8fd28,Travail/études,Discussion sympa,Jamais,4
803d24ab-d28c-4747-b4e0-25954540e5ab,Visite famille/amis,Réseautage pro,Jamais,1
5b436acd-558f-4bce-bd12-c0cdae0f9f0f,Loisirs/vacances,Discussion sympa,Il/elle partage mes centres d'intérêt,4
7ed1c2de-88bc-44b1-855a-0a00dd5765c2,Loisirs/vacances,Échanger sur un sujet commun,Il/elle partage mes centres d'intérêt,1
dd096958-79f5-44eb-8716-3d7df41b5697,Travail/études,Échanger sur un sujet commun,Ça dépend,4
c0234a27-11bc-47c3-8951-bef896472171,Visite famille/amis,Autre,Ça dépend,5
6c8d983b-bcc4-4044-92bf-52b9dcf331f4,Autre,Discussion sympa,Jamais,4
2c90e25a-d89a-4dca-97cb-f65b111d920d,Loisirs/vacances,Rester tranquille,Ça dépend,3
78e92144-6711-42c9-b453-0ed5b364c4a5,Visite famille/amis,Réseautage pro,Il/elle partage mes centres d'intérêt,2
2888b0ae-6d45-4e68-8b85-932876acd6cf,Autre,Réseautage pro,Le trajet est long,2
dbeb1c13-0e5a-4929-ab9f-029dabf9217f,Visite famille/amis,Discussion sympa,La conversation est légère,2
422b566a-b469-4ed1-947a-4addbd89587b,Autre,Rester tranquille,Il/elle partage mes centres d'intérêt,1
60a5e35c-97c9-4299-abee-4c4bc4ef6269,Loisirs/vacances,Réseautage pro,La conversation est légère,1
75e46287-f03b-4e10-9c39-c466913aa4e1,Travail/études,Autre,Jamais,5
59637ca4-4f33-4ab7-8041-2260c8b0de59,Loisirs/vacances,Réseautage pro,Il/elle partage mes centres d'intérêt,3
53e85393-f72d-468e-b009-292655011eb1,Loisirs/vacances,Réseautage pro,Ça dépend,5
7c18bdad-4502-4e65-bd76-efebbb258b15,Loisirs/vacances,Discussion sympa,Ça dépend,3
071510b5-18d1-4e25-b03a-7ef6b72b07d4,Travail/études,Discussion sympa,Jamais,4
fed1a313-e9bc-40dc-8d29-dfb297aa921c,Autre,Rester tranquille,Le trajet est long,3
3b3cf8e3-398f-427d-8855-c4fe3ad38ac8,Autre,Autre,Jamais,5
b0d7f217-faaf-4d64-89c1-18bff2d0299a,Autre,Échanger sur un sujet commun,Ça dépend,2
7b37f67d-02ac-46a8-9092-637815318bdc,Loisirs/vacances,Réseautage pro,Il/elle partage mes centres d'intérêt,2
a90372e8-8848-462a-b08d-e489d0f89e4c,Autre,Rester tranquille,Le trajet est long,5
068bcd2a-1063-4c77-a9bf-6b53a5c37558,Loisirs/vacances,Échanger sur un sujet commun,Il/elle partage mes centres d'intérêt,5
82f72e52-fabc-4328-9395-8c7ffa8f5c17,Autre,Rester tranquille,Le trajet est long,5
80ab85c6-1efa-4d0e-af54-fe395ed3a961,Loisirs/vacances,Réseautage pro,Ça dépend,5
71584222-4f29-4cc6-928c-d5d94d8b2268,Autre,Discussion sympa,Il/elle partage mes centres d'intérêt,4
6a192b03-1bb2-4759-93b8-846c81875c83,Visite famille/amis,Autre,Le trajet est long,1
dacb9bd2-3366-4720-a6f9-43cecf3813eb,Loisirs/vacances,Autre,Jamais,1
57dac143-005e-4a3a-928d-1c0bb6c97a34,Travail/études,Réseautage pro,Ça dépend,4
62816c0c-20cd-42ca-8464-de2df562b738,Loisirs/vacances,Échanger sur un sujet commun,Il/elle partage mes centres d'intérêt,3
f1ce6b09-5ddb-4476-87e0-c1166844ea58,Loisirs/vacances,Échanger sur un sujet commun,Ça dépend,2
dc524677-b1fe-4460-8afe-d4bece0a7d6a,Visite famille/amis,Réseautage pro,Jamais,2
3196ce3f-20ee-4b74-800e-05b8ef23d00b,Autre,Échanger sur un sujet commun,Jamais,5
7ae862fb-8794-486a-aacc-5a82a3089eea,Travail/études,Rester tranquille,Il/elle partage mes centres d'intérêt,3
1b4be043-ebe0-4843-a93b-63cea1ba24ec,Travail/études,Échanger sur un sujet commun,La conversation est légère,5
7a0b449c-cc31-48af-ad42-f97f62221855,Autre,Discussion sympa,Jamais,3
b9794ce3-bc26-4fd1-96c9-fdb6f122797c,Visite famille/amis,Échanger sur un sujet commun,Ça dépend,3
2903d2f6-82c0-4f60-91cc-4d4cdf653e4f,Loisirs/vacances,Autre,Jamais,1
a71fec60-44f5-4307-b1c9-4c5a8ab5a699,Visite famille/amis,Discussion sympa,Le trajet est long,5
eb10b3e0-07c1-4f83-870c-a9708fdf0b5b,Loisirs/vacances,Autre,Ça dépend,5
05efcd0b-d8eb-45b5-899e-6904c19f8259,Loisirs/vacances,Autre,Le trajet est long,5
dc06e081-25c8-4789-90c1-83cfcaf9e8ee,Autre,Rester tranquille,Il/elle partage mes centres d'intérêt,4
15321274-1793-4f76-8423-fe6b79931a61,Loisirs/vacances,Échanger sur un sujet commun,Il/elle partage mes centres d'intérêt,5
4034aa64-972e-424f-80cf-e92ab618297d,Visite famille/amis,Autre,Ça dépend,4
78202bc9-6022-41ec-ac32-7682e683288c,Autre,Réseautage pro,Le trajet est long,3
9135dc0a-9d1c-4c54-a633-98218ad02006,Visite famille/amis,Échanger sur un sujet commun,Jamais,2
697aea0d-15cc-4c4e-989f-cedfce13c731,Visite famille/amis,Échanger sur un sujet commun,Jamais,5
b69c8f43-50b4-4346-8672-7819a00d5624,Loisirs/vacances,Réseautage pro,Le trajet est long,1
963f1494-2ed5-49d4-8365-ffb808985492,Travail/études,Autre,Il/elle partage mes centres d'intérêt,1
4d80fbe5-dbd9-4332-bdb1-be543a1c7122,Autre,Échanger sur un sujet commun,Le trajet est long,1
40d2aa29-f88b-4013-ad78-9b92c7fcd91c,Travail/études,Rester tranquille,La conversation est légère,4
dbdc21df-482e-4e18-9227-64473f3147c7,Travail/études,Autre,Il/elle partage mes centres d'intérêt,4
81d4e45e-c0cb-4a83-9a7b-122cefde62a5,Loisirs/vacances,Échanger sur un sujet commun,Ça dépend,3
dd3d4a92-f20a-4ebf-9c24-a0a6b07cce81,Visite famille/amis,Autre,La conversation est légère,3
67aa8178-7f85-40bd-9be7-9fee0a23e97f,Autre,Autre,Jamais,1
7d20462d-e1ae-448b-ab48-7dfe9697b29c,Autre,Discussion sympa,Le trajet est long,3
ca981376-a797-4588-89c1-9701ea8bd154,Autre,Réseautage pro,Il/elle partage mes centres d'intérêt,2
594f7861-8e5a-4f75-b0e8-53b62e75ffb5,Autre,Discussion sympa,Le trajet est long,5
6066000e-fcd8-4dfc-9909-b5cf9fbaf80e,Travail/études,Échanger sur un sujet commun,Jamais,2
7da62b18-ae88-43b3-83e3-11c3b5ed1ee8,Loisirs/vacances,Échanger sur un sujet commun,Il/elle partage mes centres d'intérêt,2
ed493585-5034-48dd-9427-c6bfedd45d69,Autre,Rester tranquille,La conversation est légère,2
c0052b1f-4311-4570-ac56-44265884039e,Visite famille/amis,Autre,Ça dépend,3
d9367afc-c8d1-4082-9b91-5358fd3a7102,Loisirs/vacances,Rester tranquille,Jamais,4
b8468841-c35a-42c5-bb60-a7051cec9a65,Travail/études,Réseautage pro,Jamais,5
9fc44267-4f1f-421c-8ffb-406327be442e,Travail/études,Rester tranquille,Le trajet est long,4
eb9bf178-dee3-4bf5-8d35-dc0b7349743a,Loisirs/vacances,Réseautage pro,Jamais,3
b704edb9-2684-4b59-9220-77c8ce7a70c0,Visite famille/amis,Discussion sympa,La conversation est légère,1
be663c23-0e7d-4bd7-a6e1-641873b936e3,Travail/études,Réseautage pro,Jamais,4
765ade31-5a22-4e72-9fbc-ea3c6aaaf76a,Autre,Discussion sympa,Jamais,2
952d5c87-deb5-49ef-91cd-72a1bbd193b3,Autre,Discussion sympa,Ça dépend,5
f1e8918f-3843-4134-824d-200e8625bad2,Visite famille/amis,Rester tranquille,Il/elle partage mes centres d'intérêt,1
aa4142b9-1168-4849-af0f-ebef6c6af22c,Autre,Réseautage pro,Ça dépend,5
628549b7-4162-4426-9b83-aede196c8b71,Travail/études,Discussion sympa,Jamais,5
d4e61f63-9e8d-4624-adde-3f7f3d7e0c47,Visite famille/amis,Autre,Le trajet est long,4
131fa610-fa0f-4096-8de5-5bf21f28878b,Autre,Échanger sur un sujet commun,Jamais,5
541092c1-c3d8-4c7d-a3b4-bd37e567d098,Travail/études,Réseautage pro,Le trajet est long,3
903983ec-2213-43af-b8e9-a74387a6a2f0,Loisirs/vacances,Réseautage pro,La conversation est légère,3
72f9e04e-9d67-4d79-beb7-ab6cc392cbed,Travail/études,Discussion sympa,Ça dépend,5
680513c9-8f39-48b2-9fae-372239675288,Travail/études,Échanger sur un sujet commun,Jamais,4
a04972fa-8685-440c-96c6-2056572ae0a2,Travail/études,Réseautage pro,Ça dépend,4
44c191d0-81a7-4050-b146-76a26c00543c,Visite famille/amis,Échanger sur un sujet commun,Le trajet est long,2
41426712-4fbb-4acf-912f-e95c78975abd,Loisirs/vacances,Échanger sur un sujet commun,La conversation est légère,5
81bf0067-436e-474f-9609-9ff2982e8818,Loisirs/vacances,Rester tranquille,Ça dépend,3
eaf91fb9-9b83-45ab-9790-11be6883a73f,Travail/études,Discussion sympa,Ça dépend,4
2c09584e-156a-46bc-85a9-91875a597a40,Visite famille/amis,Autre,Ça dépend,3
5a2a54e3-eb5e-4ee7-b565-281f56b698ad,Loisirs/vacances,Rester tranquille,Ça dépend,2
19211048-7019-4c03-b349-d6d1d1ecd1f1,Travail/études,Échanger sur un sujet commun,La conversation est légère,5
eaf1e78d-59dc-496a-8040-82139b69b5ce,Travail/études,Réseautage pro,Jamais,4
a2c73a25-cf43-4887-9f89-249dc952624e,Travail/études,Réseautage pro,Ça dépend,5
e43c6fbd-b122-417f-9f71-f0350ce0347f,Visite famille/amis,Autre,Ça dépend,1
975b8b93-0f50-43c4-ab10-9927e3ab3fe4,Visite famille/amis,Échanger sur un sujet commun,Ça dépend,5
4d364cee-75a1-4853-8e0f-96f2aae2b802,Loisirs/vacances,Discussion sympa,Ça dépend,2
52afc9c3-2f83-479d-a60c-d51e3a2dfcce,Travail/études,Réseautage pro,Ça dépend,5
2ecbd6bb-35ea-4396-8f0d-1bc1733d5f3a,Loisirs/vacances,Autre,La conversation est légère,2
52412860-8c65-4911-a412-193004abbb72,Loisirs/vacances,Discussion sympa,Jamais,5
491b6b35-837d-4904-b1d4-4c9fac1218d9,Loisirs/vacances,Autre,Il/elle partage mes centres d'intérêt,2
d80c5fbf-03fb-47da-b75f-a3c9e642676b,Travail/études,Rester tranquille,Ça dépend,5
630e7e01-67a5-4bd2-be2f-c1f44dbf91b7,Visite famille/amis,Autre,Il/elle partage mes centres d'intérêt,1
1d48f492-a0f8-4ca9-b71c-d5045e36a433,Autre,Réseautage pro,Le trajet est long,1
700747c9-78ad-4701-a7c1-412cdc11b1eb,Visite famille/amis,Discussion sympa,La conversation est légère,3
00513ce2-7a98-437b-9113-756a57398cdf,Loisirs/vacances,Réseautage pro,Il/elle partage mes centres d'intérêt,4
9e2398b0-2b79-41e9-b1c2-8d821005bd02,Travail/études,Échanger sur un sujet commun,Le trajet est long,2
799e2946-e49a-48d7-8be1-60a66cbc5d81,Loisirs/vacances,Rester tranquille,La conversation est légère,3
de248fd4-20eb-4801-9fc3-9f411ad9cecf,Visite famille/amis,Rester tranquille,Le trajet est long,5
d44ea4f1-56e8-43ee-a7d0-34145f73a275,Visite famille/amis,Rester tranquille,Ça dépend,3
4d560242-2c46-4459-b813-1c0106baeffe,Loisirs/vacances,Échanger sur un sujet commun,Jamais,2
987df3c4-dae9-4740-a3e3-bae2aa121b5f,Autre,Discussion sympa,Jamais,2
4cb8f38b-37d9-4ed4-bb38-7c3dfb1a3656,Travail/études,Discussion sympa,Le trajet est long,5
47a7b755-cdc1-4c9b-9daf-d58060100a4f,Loisirs/vacances,Autre,Jamais,2
fb4e38c0-1f16-4961-8669-6d392725aa77,Travail/études,Rester tranquille,Ça dépend,2
898d5843-d5bf-4717-b430-6d6bcc4c00e7,Visite famille/amis,Autre,Jamais,3
cbca9775-5ec1-4946-8820-562ea9a269b8,Visite famille/amis,Rester tranquille,Jamais,1
